desc: --massif-out-file=massif.out --time-unit=B
cmd: ./psi test-perf.psi
time_unit: B
#-----------
snapshot=0
#-----------
time=0
mem_heap_B=0
mem_heap_extra_B=0
mem_stacks_B=0
heap_tree=empty
#-----------
snapshot=1
#-----------
time=266370648
mem_heap_B=8740500
mem_heap_extra_B=616516
mem_stacks_B=0
heap_tree=detailed
n6: 8740500 (heap allocation functions) malloc/new/new[], --alloc-fns, etc.
 n1: 4551767 0x400860C: lex (lexer.c:292)
  n2: 4551767 0x4004CF1: parse_help (eval.c:1281)
   n3: 4551767 0x4006EA4: eval_tree (eval.c:1965)
    n1: 4248589 0x4006232: eval_tree (eval.c:1700)
     n1: 4248589 0x400587E: eval_tree (eval.c:1529)
      n1: 4248589 0x400634E: eval_tree (eval.c:1726)
       n1: 4248589 0x4006232: eval_tree (eval.c:1700)
        n1: 4248589 0x4006872: eval_tree (eval.c:1844)
         n1: 4248589 0x40079EE: eval_tree (eval.c:2209)
          n1: 4248589 0x4006ABD: eval_tree (eval.c:1893)
           n1: 4248589 0x40079EE: eval_tree (eval.c:2209)
            n1: 4248589 0x4006EF7: eval_tree (eval.c:1974)
             n0: 4248589 0x4009BCD: main (psi.c:69)
    n1: 204850 0x4006EF7: eval_tree (eval.c:1974)
     n1: 204850 0x4006232: eval_tree (eval.c:1700)
      n1: 204850 0x400587E: eval_tree (eval.c:1529)
       n1: 204850 0x400634E: eval_tree (eval.c:1726)
        n1: 204850 0x4006232: eval_tree (eval.c:1700)
         n1: 204850 0x4006872: eval_tree (eval.c:1844)
          n1: 204850 0x40079EE: eval_tree (eval.c:2209)
           n1: 204850 0x4006ABD: eval_tree (eval.c:1893)
            n1: 204850 0x40079EE: eval_tree (eval.c:2209)
             n1: 204850 0x4006EF7: eval_tree (eval.c:1974)
              n0: 204850 0x4009BCD: main (psi.c:69)
    n0: 98328 0x4009BCD: main (psi.c:69)
   n0: 0 in 1 place, below massif's threshold (1.00%)
 n1: 2630274 0x400826D: lex (lexer.c:219)
  n2: 2630274 0x4004CF1: parse_help (eval.c:1281)
   n2: 2630274 0x4006EA4: eval_tree (eval.c:1965)
    n1: 2589304 0x4006232: eval_tree (eval.c:1700)
     n1: 2589304 0x400587E: eval_tree (eval.c:1529)
      n1: 2589304 0x400634E: eval_tree (eval.c:1726)
       n1: 2589304 0x4006232: eval_tree (eval.c:1700)
        n1: 2589304 0x4006872: eval_tree (eval.c:1844)
         n1: 2589304 0x40079EE: eval_tree (eval.c:2209)
          n1: 2589304 0x4006ABD: eval_tree (eval.c:1893)
           n1: 2589304 0x40079EE: eval_tree (eval.c:2209)
            n1: 2589304 0x4006EF7: eval_tree (eval.c:1974)
             n0: 2589304 0x4009BCD: main (psi.c:69)
    n0: 40970 in 2 places, all below massif's threshold (1.00%)
   n0: 0 in 1 place, below massif's threshold (1.00%)
 n1: 913631 0x400874C: lex (lexer.c:321)
  n2: 913631 0x4004CF1: parse_help (eval.c:1281)
   n2: 913631 0x4006EA4: eval_tree (eval.c:1965)
    n1: 848079 0x4006232: eval_tree (eval.c:1700)
     n1: 848079 0x400587E: eval_tree (eval.c:1529)
      n1: 848079 0x400634E: eval_tree (eval.c:1726)
       n1: 848079 0x4006232: eval_tree (eval.c:1700)
        n1: 848079 0x4006872: eval_tree (eval.c:1844)
         n1: 848079 0x40079EE: eval_tree (eval.c:2209)
          n1: 848079 0x4006ABD: eval_tree (eval.c:1893)
           n1: 848079 0x40079EE: eval_tree (eval.c:2209)
            n1: 848079 0x4006EF7: eval_tree (eval.c:1974)
             n0: 848079 0x4009BCD: main (psi.c:69)
    n0: 65552 in 2 places, all below massif's threshold (1.00%)
   n0: 0 in 1 place, below massif's threshold (1.00%)
 n0: 313628 in 27 places, all below massif's threshold (1.00%)
 n2: 211632 0x4001652: create_binding (env.c:91)
  n2: 209832 0x40015C3: copy_env (env.c:68)
   n2: 118824 0x40015F8: copy_env (env.c:74)
    n1: 110160 0x40015F8: copy_env (env.c:74)
     n0: 110160 in 3 places, all below massif's threshold (1.00%)
    n0: 8664 in 2 places, all below massif's threshold (1.00%)
   n0: 91008 in 2 places, all below massif's threshold (1.00%)
  n0: 1800 in 37 places, all below massif's threshold (1.00%)
 n1: 119568 0x4007BCD: createNode (lexer.c:33)
  n1: 119568 0x4007C20: append (lexer.c:62)
   n0: 119568 in 10 places, all below massif's threshold (1.00%)
#-----------
snapshot=2
#-----------
time=491984360
mem_heap_B=8598889
mem_heap_extra_B=977135
mem_stacks_B=0
heap_tree=empty
#-----------
snapshot=3
#-----------
time=738693592
mem_heap_B=5319618
mem_heap_extra_B=1315638
mem_stacks_B=0
heap_tree=empty
#-----------
snapshot=4
#-----------
time=922620880
mem_heap_B=9692824
mem_heap_extra_B=1809560
mem_stacks_B=0
heap_tree=empty
#-----------
snapshot=5
#-----------
time=1228462976
mem_heap_B=3169002
mem_heap_extra_B=2037702
mem_stacks_B=0
heap_tree=empty
#-----------
snapshot=6
#-----------
time=1519244952
mem_heap_B=3675562
mem_heap_extra_B=2515134
mem_stacks_B=0
heap_tree=empty
#-----------
snapshot=7
#-----------
time=1727357368
mem_heap_B=11058268
mem_heap_extra_B=3151100
mem_stacks_B=0
heap_tree=detailed
n10: 11058268 (heap allocation functions) malloc/new/new[], --alloc-fns, etc.
 n1: 4346917 0x400860C: lex (lexer.c:292)
  n2: 4346917 0x4004CF1: parse_help (eval.c:1281)
   n2: 4346917 0x4006EA4: eval_tree (eval.c:1965)
    n1: 4248589 0x4006232: eval_tree (eval.c:1700)
     n1: 4248589 0x400587E: eval_tree (eval.c:1529)
      n1: 4248589 0x400634E: eval_tree (eval.c:1726)
       n1: 4248589 0x4006232: eval_tree (eval.c:1700)
        n1: 4248589 0x4006872: eval_tree (eval.c:1844)
         n1: 4248589 0x40079EE: eval_tree (eval.c:2209)
          n1: 4248589 0x4006ABD: eval_tree (eval.c:1893)
           n1: 4248589 0x40079EE: eval_tree (eval.c:2209)
            n1: 4248589 0x4006EF7: eval_tree (eval.c:1974)
             n0: 4248589 0x4009BCD: main (psi.c:69)
    n0: 98328 in 2 places, all below massif's threshold (1.00%)
   n0: 0 in 1 place, below massif's threshold (1.00%)
 n1: 2613886 0x400826D: lex (lexer.c:219)
  n2: 2613886 0x4004CF1: parse_help (eval.c:1281)
   n2: 2613886 0x4006EA4: eval_tree (eval.c:1965)
    n1: 2589304 0x4006232: eval_tree (eval.c:1700)
     n1: 2589304 0x400587E: eval_tree (eval.c:1529)
      n1: 2589304 0x400634E: eval_tree (eval.c:1726)
       n1: 2589304 0x4006232: eval_tree (eval.c:1700)
        n1: 2589304 0x4006872: eval_tree (eval.c:1844)
         n1: 2589304 0x40079EE: eval_tree (eval.c:2209)
          n1: 2589304 0x4006ABD: eval_tree (eval.c:1893)
           n1: 2589304 0x40079EE: eval_tree (eval.c:2209)
            n1: 2589304 0x4006EF7: eval_tree (eval.c:1974)
             n0: 2589304 0x4009BCD: main (psi.c:69)
    n0: 24582 in 2 places, all below massif's threshold (1.00%)
   n0: 0 in 1 place, below massif's threshold (1.00%)
 n2: 1489920 0x4001652: create_binding (env.c:91)
  n3: 1487712 0x40015C3: copy_env (env.c:68)
   n2: 849120 0x40015F8: copy_env (env.c:74)
    n2: 786120 0x40015F8: copy_env (env.c:74)
     n2: 555192 0x4006148: eval_tree (eval.c:1685)
      n2: 555192 0x4005664: eval_tree (eval.c:1490)
       n2: 512424 0x4006EF7: eval_tree (eval.c:1974)
        n1: 341352 0x4006232: eval_tree (eval.c:1700)
         n1: 341352 0x400587E: eval_tree (eval.c:1529)
          n1: 341352 0x400634E: eval_tree (eval.c:1726)
           n1: 341352 0x4006232: eval_tree (eval.c:1700)
            n1: 341352 0x4006872: eval_tree (eval.c:1844)
             n1: 341352 0x40079EE: eval_tree (eval.c:2209)
              n1: 341352 0x4006ABD: eval_tree (eval.c:1893)
               n1: 341352 0x40079EE: eval_tree (eval.c:2209)
                n1: 341352 0x4006EF7: eval_tree (eval.c:1974)
                 n0: 341352 0x4009BCD: main (psi.c:69)
        n1: 171072 0x4006EF7: eval_tree (eval.c:1974)
         n1: 171072 0x4006232: eval_tree (eval.c:1700)
          n1: 171072 0x400587E: eval_tree (eval.c:1529)
           n1: 171072 0x400634E: eval_tree (eval.c:1726)
            n1: 171072 0x4006232: eval_tree (eval.c:1700)
             n1: 171072 0x4006872: eval_tree (eval.c:1844)
              n1: 171072 0x40079EE: eval_tree (eval.c:2209)
               n1: 171072 0x4006ABD: eval_tree (eval.c:1893)
                n1: 171072 0x40079EE: eval_tree (eval.c:2209)
                 n1: 171072 0x4006EF7: eval_tree (eval.c:1974)
                  n0: 171072 0x4009BCD: main (psi.c:69)
       n0: 42768 in 1 place, below massif's threshold (1.00%)
      n0: 0 in 2 places, all below massif's threshold (1.00%)
     n0: 230928 in 2 places, all below massif's threshold (1.00%)
    n0: 63000 in 2 places, all below massif's threshold (1.00%)
   n2: 635016 0x4006148: eval_tree (eval.c:1685)
    n2: 635016 0x4005664: eval_tree (eval.c:1490)
     n3: 585960 0x4006EF7: eval_tree (eval.c:1974)
      n1: 391392 0x4006232: eval_tree (eval.c:1700)
       n1: 391392 0x400587E: eval_tree (eval.c:1529)
        n1: 391392 0x400634E: eval_tree (eval.c:1726)
         n1: 391392 0x4006232: eval_tree (eval.c:1700)
          n1: 391392 0x4006872: eval_tree (eval.c:1844)
           n1: 391392 0x40079EE: eval_tree (eval.c:2209)
            n1: 391392 0x4006ABD: eval_tree (eval.c:1893)
             n1: 391392 0x40079EE: eval_tree (eval.c:2209)
              n1: 391392 0x4006EF7: eval_tree (eval.c:1974)
               n0: 391392 0x4009BCD: main (psi.c:69)
      n1: 193776 0x4006EF7: eval_tree (eval.c:1974)
       n1: 193776 0x4006232: eval_tree (eval.c:1700)
        n1: 193776 0x400587E: eval_tree (eval.c:1529)
         n1: 193776 0x400634E: eval_tree (eval.c:1726)
          n1: 193776 0x4006232: eval_tree (eval.c:1700)
           n1: 193776 0x4006872: eval_tree (eval.c:1844)
            n1: 193776 0x40079EE: eval_tree (eval.c:2209)
             n1: 193776 0x4006ABD: eval_tree (eval.c:1893)
              n1: 193776 0x40079EE: eval_tree (eval.c:2209)
               n1: 193776 0x4006EF7: eval_tree (eval.c:1974)
                n0: 193776 0x4009BCD: main (psi.c:69)
      n0: 792 in 1 place, below massif's threshold (1.00%)
     n0: 49056 in 1 place, below massif's threshold (1.00%)
    n0: 0 in 2 places, all below massif's threshold (1.00%)
   n0: 3576 in 1 place, below massif's threshold (1.00%)
  n0: 2208 in 37 places, all below massif's threshold (1.00%)
 n1: 872661 0x400874C: lex (lexer.c:321)
  n2: 872661 0x4004CF1: parse_help (eval.c:1281)
   n2: 872661 0x4006EA4: eval_tree (eval.c:1965)
    n1: 848079 0x4006232: eval_tree (eval.c:1700)
     n1: 848079 0x400587E: eval_tree (eval.c:1529)
      n1: 848079 0x400634E: eval_tree (eval.c:1726)
       n1: 848079 0x4006232: eval_tree (eval.c:1700)
        n1: 848079 0x4006872: eval_tree (eval.c:1844)
         n1: 848079 0x40079EE: eval_tree (eval.c:2209)
          n1: 848079 0x4006ABD: eval_tree (eval.c:1893)
           n1: 848079 0x40079EE: eval_tree (eval.c:2209)
            n1: 848079 0x4006EF7: eval_tree (eval.c:1974)
             n0: 848079 0x4009BCD: main (psi.c:69)
    n0: 24582 in 2 places, all below massif's threshold (1.00%)
   n0: 0 in 1 place, below massif's threshold (1.00%)
 n0: 500428 in 23 places, all below massif's threshold (1.00%)
 n2: 399848 0x4927BEE: strdup (strdup.c:42)
  n2: 367505 0x4001662: create_binding (env.c:93)
   n3: 367011 0x40015C3: copy_env (env.c:68)
    n2: 190711 0x4006148: eval_tree (eval.c:1685)
     n2: 190711 0x4005664: eval_tree (eval.c:1490)
      n1: 175980 0x4006EF7: eval_tree (eval.c:1974)
       n0: 175980 in 3 places, all below massif's threshold (1.00%)
      n0: 14731 in 1 place, below massif's threshold (1.00%)
     n0: 0 in 2 places, all below massif's threshold (1.00%)
    n2: 175608 0x40015F8: copy_env (env.c:74)
     n1: 153202 0x40015F8: copy_env (env.c:74)
      n0: 153202 in 3 places, all below massif's threshold (1.00%)
     n0: 22406 in 2 places, all below massif's threshold (1.00%)
    n0: 692 in 1 place, below massif's threshold (1.00%)
   n0: 494 in 37 places, all below massif's threshold (1.00%)
  n0: 32343 in 2 places, all below massif's threshold (1.00%)
 n2: 289536 0x400A9EB: pval_number (pvals.c:73)
  n2: 289296 0x4009E60: pval_copy (pval_utils.c:20)
   n2: 259920 0x40015AE: copy_env (env.c:68)
    n2: 200448 0x4006148: eval_tree (eval.c:1685)
     n2: 200448 0x4005664: eval_tree (eval.c:1490)
      n1: 184896 0x4006EF7: eval_tree (eval.c:1974)
       n0: 184896 in 2 places, all below massif's threshold (1.00%)
      n0: 15552 in 1 place, below massif's threshold (1.00%)
     n0: 0 in 2 places, all below massif's threshold (1.00%)
    n0: 59472 in 2 places, all below massif's threshold (1.00%)
   n0: 29376 in 21 places, all below massif's threshold (1.00%)
  n0: 240 in 14 places, all below massif's threshold (1.00%)
 n2: 195920 0x4009FE9: pval_add (pval_utils.c:71)
  n2: 194848 0x4009F99: pval_copy (pval_utils.c:56)
   n1: 144368 0x4009F87: pval_copy (pval_utils.c:56)
    n0: 144368 in 14 places, all below massif's threshold (1.00%)
   n0: 50480 in 16 places, all below massif's threshold (1.00%)
  n0: 1072 in 66 places, all below massif's threshold (1.00%)
 n2: 193728 0x400AA77: pval_symbol (pvals.c:95)
  n2: 193320 0x4009E80: pval_copy (pval_utils.c:24)
   n1: 175152 0x4009F87: pval_copy (pval_utils.c:56)
    n0: 175152 in 14 places, all below massif's threshold (1.00%)
   n0: 18168 in 16 places, all below massif's threshold (1.00%)
  n0: 408 in 42 places, all below massif's threshold (1.00%)
 n2: 155424 0x400ABB5: empty_list (pvals.c:141)
  n1: 154272 0x4009F62: pval_copy (pval_utils.c:51)
   n0: 154272 in 21 places, all below massif's threshold (1.00%)
  n0: 1152 in 31 places, all below massif's threshold (1.00%)
#-----------
snapshot=8
#-----------
time=1979112848
mem_heap_B=11600327
mem_heap_extra_B=3427849
mem_stacks_B=0
heap_tree=detailed
n10: 11600327 (heap allocation functions) malloc/new/new[], --alloc-fns, etc.
 n1: 4551767 0x400860C: lex (lexer.c:292)
  n2: 4551767 0x4004CF1: parse_help (eval.c:1281)
   n3: 4551767 0x4006EA4: eval_tree (eval.c:1965)
    n1: 4248589 0x4006232: eval_tree (eval.c:1700)
     n1: 4248589 0x400587E: eval_tree (eval.c:1529)
      n1: 4248589 0x400634E: eval_tree (eval.c:1726)
       n1: 4248589 0x4006232: eval_tree (eval.c:1700)
        n1: 4248589 0x4006872: eval_tree (eval.c:1844)
         n1: 4248589 0x40079EE: eval_tree (eval.c:2209)
          n1: 4248589 0x4006ABD: eval_tree (eval.c:1893)
           n1: 4248589 0x40079EE: eval_tree (eval.c:2209)
            n1: 4248589 0x4006EF7: eval_tree (eval.c:1974)
             n0: 4248589 0x4009BCD: main (psi.c:69)
    n1: 204850 0x4006EF7: eval_tree (eval.c:1974)
     n1: 204850 0x4006232: eval_tree (eval.c:1700)
      n1: 204850 0x400587E: eval_tree (eval.c:1529)
       n1: 204850 0x400634E: eval_tree (eval.c:1726)
        n1: 204850 0x4006232: eval_tree (eval.c:1700)
         n1: 204850 0x4006872: eval_tree (eval.c:1844)
          n1: 204850 0x40079EE: eval_tree (eval.c:2209)
           n1: 204850 0x4006ABD: eval_tree (eval.c:1893)
            n1: 204850 0x40079EE: eval_tree (eval.c:2209)
             n1: 204850 0x4006EF7: eval_tree (eval.c:1974)
              n0: 204850 0x4009BCD: main (psi.c:69)
    n0: 98328 in 1 place, below massif's threshold (1.00%)
   n0: 0 in 1 place, below massif's threshold (1.00%)
 n1: 2630274 0x400826D: lex (lexer.c:219)
  n2: 2630274 0x4004CF1: parse_help (eval.c:1281)
   n2: 2630274 0x4006EA4: eval_tree (eval.c:1965)
    n1: 2589304 0x4006232: eval_tree (eval.c:1700)
     n1: 2589304 0x400587E: eval_tree (eval.c:1529)
      n1: 2589304 0x400634E: eval_tree (eval.c:1726)
       n1: 2589304 0x4006232: eval_tree (eval.c:1700)
        n1: 2589304 0x4006872: eval_tree (eval.c:1844)
         n1: 2589304 0x40079EE: eval_tree (eval.c:2209)
          n1: 2589304 0x4006ABD: eval_tree (eval.c:1893)
           n1: 2589304 0x40079EE: eval_tree (eval.c:2209)
            n1: 2589304 0x4006EF7: eval_tree (eval.c:1974)
             n0: 2589304 0x4009BCD: main (psi.c:69)
    n0: 40970 in 2 places, all below massif's threshold (1.00%)
   n0: 0 in 1 place, below massif's threshold (1.00%)
 n2: 1628640 0x4001652: create_binding (env.c:91)
  n3: 1626840 0x40015C3: copy_env (env.c:68)
   n2: 904920 0x40015F8: copy_env (env.c:74)
    n2: 844104 0x40015F8: copy_env (env.c:74)
     n2: 628056 0x4006148: eval_tree (eval.c:1685)
      n2: 628056 0x4005664: eval_tree (eval.c:1490)
       n2: 579744 0x4006EF7: eval_tree (eval.c:1974)
        n1: 386496 0x4006232: eval_tree (eval.c:1700)
         n1: 386496 0x400587E: eval_tree (eval.c:1529)
          n1: 386496 0x400634E: eval_tree (eval.c:1726)
           n1: 386496 0x4006232: eval_tree (eval.c:1700)
            n1: 386496 0x4006872: eval_tree (eval.c:1844)
             n1: 386496 0x40079EE: eval_tree (eval.c:2209)
              n1: 386496 0x4006ABD: eval_tree (eval.c:1893)
               n1: 386496 0x40079EE: eval_tree (eval.c:2209)
                n1: 386496 0x4006EF7: eval_tree (eval.c:1974)
                 n0: 386496 0x4009BCD: main (psi.c:69)
        n1: 193248 0x4006EF7: eval_tree (eval.c:1974)
         n1: 193248 0x4006232: eval_tree (eval.c:1700)
          n1: 193248 0x400587E: eval_tree (eval.c:1529)
           n1: 193248 0x400634E: eval_tree (eval.c:1726)
            n1: 193248 0x4006232: eval_tree (eval.c:1700)
             n1: 193248 0x4006872: eval_tree (eval.c:1844)
              n1: 193248 0x40079EE: eval_tree (eval.c:2209)
               n1: 193248 0x4006ABD: eval_tree (eval.c:1893)
                n1: 193248 0x40079EE: eval_tree (eval.c:2209)
                 n1: 193248 0x4006EF7: eval_tree (eval.c:1974)
                  n0: 193248 0x4009BCD: main (psi.c:69)
       n0: 48312 in 1 place, below massif's threshold (1.00%)
      n0: 0 in 2 places, all below massif's threshold (1.00%)
     n0: 216048 in 2 places, all below massif's threshold (1.00%)
    n0: 60816 in 2 places, all below massif's threshold (1.00%)
   n2: 718920 0x4006148: eval_tree (eval.c:1685)
    n2: 718920 0x4005664: eval_tree (eval.c:1490)
     n3: 663480 0x4006EF7: eval_tree (eval.c:1974)
      n1: 443376 0x4006232: eval_tree (eval.c:1700)
       n1: 443376 0x400587E: eval_tree (eval.c:1529)
        n1: 443376 0x400634E: eval_tree (eval.c:1726)
         n1: 443376 0x4006232: eval_tree (eval.c:1700)
          n1: 443376 0x4006872: eval_tree (eval.c:1844)
           n1: 443376 0x40079EE: eval_tree (eval.c:2209)
            n1: 443376 0x4006ABD: eval_tree (eval.c:1893)
             n1: 443376 0x40079EE: eval_tree (eval.c:2209)
              n1: 443376 0x4006EF7: eval_tree (eval.c:1974)
               n0: 443376 0x4009BCD: main (psi.c:69)
      n1: 219312 0x4006EF7: eval_tree (eval.c:1974)
       n1: 219312 0x4006232: eval_tree (eval.c:1700)
        n1: 219312 0x400587E: eval_tree (eval.c:1529)
         n1: 219312 0x400634E: eval_tree (eval.c:1726)
          n1: 219312 0x4006232: eval_tree (eval.c:1700)
           n1: 219312 0x4006872: eval_tree (eval.c:1844)
            n1: 219312 0x40079EE: eval_tree (eval.c:2209)
             n1: 219312 0x4006ABD: eval_tree (eval.c:1893)
              n1: 219312 0x40079EE: eval_tree (eval.c:2209)
               n1: 219312 0x4006EF7: eval_tree (eval.c:1974)
                n0: 219312 0x4009BCD: main (psi.c:69)
      n0: 792 in 1 place, below massif's threshold (1.00%)
     n0: 55440 in 1 place, below massif's threshold (1.00%)
    n0: 0 in 2 places, all below massif's threshold (1.00%)
   n0: 3000 in 1 place, below massif's threshold (1.00%)
  n0: 1800 in 37 places, all below massif's threshold (1.00%)
 n1: 913631 0x400874C: lex (lexer.c:321)
  n2: 913631 0x4004CF1: parse_help (eval.c:1281)
   n2: 913631 0x4006EA4: eval_tree (eval.c:1965)
    n1: 848079 0x4006232: eval_tree (eval.c:1700)
     n1: 848079 0x400587E: eval_tree (eval.c:1529)
      n1: 848079 0x400634E: eval_tree (eval.c:1726)
       n1: 848079 0x4006232: eval_tree (eval.c:1700)
        n1: 848079 0x4006872: eval_tree (eval.c:1844)
         n1: 848079 0x40079EE: eval_tree (eval.c:2209)
          n1: 848079 0x4006ABD: eval_tree (eval.c:1893)
           n1: 848079 0x40079EE: eval_tree (eval.c:2209)
            n1: 848079 0x4006EF7: eval_tree (eval.c:1974)
             n0: 848079 0x4009BCD: main (psi.c:69)
    n0: 65552 in 2 places, all below massif's threshold (1.00%)
   n0: 0 in 1 place, below massif's threshold (1.00%)
 n0: 532085 in 23 places, all below massif's threshold (1.00%)
 n2: 437642 0x4927BEE: strdup (strdup.c:42)
  n2: 402020 0x4001662: create_binding (env.c:93)
   n3: 401567 0x40015C3: copy_env (env.c:68)
    n2: 215919 0x4006148: eval_tree (eval.c:1685)
     n2: 215919 0x4005664: eval_tree (eval.c:1490)
      n1: 199270 0x4006EF7: eval_tree (eval.c:1974)
       n0: 199270 in 3 places, all below massif's threshold (1.00%)
      n0: 16649 in 1 place, below massif's threshold (1.00%)
     n0: 0 in 2 places, all below massif's threshold (1.00%)
    n2: 185012 0x40015F8: copy_env (env.c:74)
     n1: 162670 0x40015F8: copy_env (env.c:74)
      n0: 162670 in 3 places, all below massif's threshold (1.00%)
     n0: 22342 in 2 places, all below massif's threshold (1.00%)
    n0: 636 in 1 place, below massif's threshold (1.00%)
   n0: 453 in 37 places, all below massif's threshold (1.00%)
  n0: 35622 in 2 places, all below massif's threshold (1.00%)
 n2: 315384 0x400A9EB: pval_number (pvals.c:73)
  n2: 315336 0x4009E60: pval_copy (pval_utils.c:20)
   n2: 284064 0x40015AE: copy_env (env.c:68)
    n2: 226944 0x4006148: eval_tree (eval.c:1685)
     n2: 226944 0x4005664: eval_tree (eval.c:1490)
      n1: 209376 0x4006EF7: eval_tree (eval.c:1974)
       n0: 209376 in 2 places, all below massif's threshold (1.00%)
      n0: 17568 in 1 place, below massif's threshold (1.00%)
     n0: 0 in 2 places, all below massif's threshold (1.00%)
    n0: 57120 in 2 places, all below massif's threshold (1.00%)
   n0: 31272 in 21 places, all below massif's threshold (1.00%)
  n0: 48 in 14 places, all below massif's threshold (1.00%)
 n2: 211776 0x4009FE9: pval_add (pval_utils.c:71)
  n2: 211440 0x4009F99: pval_copy (pval_utils.c:56)
   n1: 156560 0x4009F87: pval_copy (pval_utils.c:56)
    n0: 156560 in 14 places, all below massif's threshold (1.00%)
   n0: 54880 in 16 places, all below massif's threshold (1.00%)
  n0: 336 in 66 places, all below massif's threshold (1.00%)
 n2: 210936 0x400AA77: pval_symbol (pvals.c:95)
  n2: 210816 0x4009E80: pval_copy (pval_utils.c:24)
   n1: 190272 0x4009F87: pval_copy (pval_utils.c:56)
    n0: 190272 in 14 places, all below massif's threshold (1.00%)
   n0: 20544 in 16 places, all below massif's threshold (1.00%)
  n0: 120 in 42 places, all below massif's threshold (1.00%)
 n2: 168192 0x400ABB5: empty_list (pvals.c:141)
  n1: 167880 0x4009F62: pval_copy (pval_utils.c:51)
   n0: 167880 in 21 places, all below massif's threshold (1.00%)
  n0: 312 in 31 places, all below massif's threshold (1.00%)
#-----------
snapshot=9
#-----------
time=2244624224
mem_heap_B=11913470
mem_heap_extra_B=3992306
mem_stacks_B=0
heap_tree=empty
#-----------
snapshot=10
#-----------
time=2528550168
mem_heap_B=12517630
mem_heap_extra_B=4328826
mem_stacks_B=0
heap_tree=detailed
n10: 12517630 (heap allocation functions) malloc/new/new[], --alloc-fns, etc.
 n1: 4551767 0x400860C: lex (lexer.c:292)
  n2: 4551767 0x4004CF1: parse_help (eval.c:1281)
   n3: 4551767 0x4006EA4: eval_tree (eval.c:1965)
    n1: 4248589 0x4006232: eval_tree (eval.c:1700)
     n1: 4248589 0x400587E: eval_tree (eval.c:1529)
      n1: 4248589 0x400634E: eval_tree (eval.c:1726)
       n1: 4248589 0x4006232: eval_tree (eval.c:1700)
        n1: 4248589 0x4006872: eval_tree (eval.c:1844)
         n1: 4248589 0x40079EE: eval_tree (eval.c:2209)
          n1: 4248589 0x4006ABD: eval_tree (eval.c:1893)
           n1: 4248589 0x40079EE: eval_tree (eval.c:2209)
            n1: 4248589 0x4006EF7: eval_tree (eval.c:1974)
             n0: 4248589 0x4009BCD: main (psi.c:69)
    n1: 204850 0x4006EF7: eval_tree (eval.c:1974)
     n1: 204850 0x4006232: eval_tree (eval.c:1700)
      n1: 204850 0x400587E: eval_tree (eval.c:1529)
       n1: 204850 0x400634E: eval_tree (eval.c:1726)
        n1: 204850 0x4006232: eval_tree (eval.c:1700)
         n1: 204850 0x4006872: eval_tree (eval.c:1844)
          n1: 204850 0x40079EE: eval_tree (eval.c:2209)
           n1: 204850 0x4006ABD: eval_tree (eval.c:1893)
            n1: 204850 0x40079EE: eval_tree (eval.c:2209)
             n1: 204850 0x4006EF7: eval_tree (eval.c:1974)
              n0: 204850 0x4009BCD: main (psi.c:69)
    n0: 98328 in 1 place, below massif's threshold (1.00%)
   n0: 0 in 1 place, below massif's threshold (1.00%)
 n1: 2630274 0x400826D: lex (lexer.c:219)
  n2: 2630274 0x4004CF1: parse_help (eval.c:1281)
   n2: 2630274 0x4006EA4: eval_tree (eval.c:1965)
    n1: 2589304 0x4006232: eval_tree (eval.c:1700)
     n1: 2589304 0x400587E: eval_tree (eval.c:1529)
      n1: 2589304 0x400634E: eval_tree (eval.c:1726)
       n1: 2589304 0x4006232: eval_tree (eval.c:1700)
        n1: 2589304 0x4006872: eval_tree (eval.c:1844)
         n1: 2589304 0x40079EE: eval_tree (eval.c:2209)
          n1: 2589304 0x4006ABD: eval_tree (eval.c:1893)
           n1: 2589304 0x40079EE: eval_tree (eval.c:2209)
            n1: 2589304 0x4006EF7: eval_tree (eval.c:1974)
             n0: 2589304 0x4009BCD: main (psi.c:69)
    n0: 40970 in 2 places, all below massif's threshold (1.00%)
   n0: 0 in 1 place, below massif's threshold (1.00%)
 n2: 2083152 0x4001652: create_binding (env.c:91)
  n3: 2081352 0x40015C3: copy_env (env.c:68)
   n2: 1157064 0x40015F8: copy_env (env.c:74)
    n2: 1079520 0x40015F8: copy_env (env.c:74)
     n2: 803088 0x4006148: eval_tree (eval.c:1685)
      n2: 803088 0x4005664: eval_tree (eval.c:1490)
       n2: 741312 0x4006EF7: eval_tree (eval.c:1974)
        n1: 494208 0x4006232: eval_tree (eval.c:1700)
         n1: 494208 0x400587E: eval_tree (eval.c:1529)
          n1: 494208 0x400634E: eval_tree (eval.c:1726)
           n1: 494208 0x4006232: eval_tree (eval.c:1700)
            n1: 494208 0x4006872: eval_tree (eval.c:1844)
             n1: 494208 0x40079EE: eval_tree (eval.c:2209)
              n1: 494208 0x4006ABD: eval_tree (eval.c:1893)
               n1: 494208 0x40079EE: eval_tree (eval.c:2209)
                n1: 494208 0x4006EF7: eval_tree (eval.c:1974)
                 n0: 494208 0x4009BCD: main (psi.c:69)
        n1: 247104 0x4006EF7: eval_tree (eval.c:1974)
         n1: 247104 0x4006232: eval_tree (eval.c:1700)
          n1: 247104 0x400587E: eval_tree (eval.c:1529)
           n1: 247104 0x400634E: eval_tree (eval.c:1726)
            n1: 247104 0x4006232: eval_tree (eval.c:1700)
             n1: 247104 0x4006872: eval_tree (eval.c:1844)
              n1: 247104 0x40079EE: eval_tree (eval.c:2209)
               n1: 247104 0x4006ABD: eval_tree (eval.c:1893)
                n1: 247104 0x40079EE: eval_tree (eval.c:2209)
                 n1: 247104 0x4006EF7: eval_tree (eval.c:1974)
                  n0: 247104 0x4009BCD: main (psi.c:69)
       n0: 61776 in 1 place, below massif's threshold (1.00%)
      n0: 0 in 2 places, all below massif's threshold (1.00%)
     n0: 276432 in 2 places, all below massif's threshold (1.00%)
    n0: 77544 in 2 places, all below massif's threshold (1.00%)
   n2: 920472 0x4006148: eval_tree (eval.c:1685)
    n2: 920472 0x4005664: eval_tree (eval.c:1490)
     n3: 849528 0x4006EF7: eval_tree (eval.c:1974)
      n1: 567408 0x4006232: eval_tree (eval.c:1700)
       n1: 567408 0x400587E: eval_tree (eval.c:1529)
        n1: 567408 0x400634E: eval_tree (eval.c:1726)
         n1: 567408 0x4006232: eval_tree (eval.c:1700)
          n1: 567408 0x4006872: eval_tree (eval.c:1844)
           n1: 567408 0x40079EE: eval_tree (eval.c:2209)
            n1: 567408 0x4006ABD: eval_tree (eval.c:1893)
             n1: 567408 0x40079EE: eval_tree (eval.c:2209)
              n1: 567408 0x4006EF7: eval_tree (eval.c:1974)
               n0: 567408 0x4009BCD: main (psi.c:69)
      n1: 281328 0x4006EF7: eval_tree (eval.c:1974)
       n1: 281328 0x4006232: eval_tree (eval.c:1700)
        n1: 281328 0x400587E: eval_tree (eval.c:1529)
         n1: 281328 0x400634E: eval_tree (eval.c:1726)
          n1: 281328 0x4006232: eval_tree (eval.c:1700)
           n1: 281328 0x4006872: eval_tree (eval.c:1844)
            n1: 281328 0x40079EE: eval_tree (eval.c:2209)
             n1: 281328 0x4006ABD: eval_tree (eval.c:1893)
              n1: 281328 0x40079EE: eval_tree (eval.c:2209)
               n1: 281328 0x4006EF7: eval_tree (eval.c:1974)
                n0: 281328 0x4009BCD: main (psi.c:69)
      n0: 792 in 1 place, below massif's threshold (1.00%)
     n0: 70944 in 1 place, below massif's threshold (1.00%)
    n0: 0 in 2 places, all below massif's threshold (1.00%)
   n0: 3816 in 1 place, below massif's threshold (1.00%)
  n0: 1800 in 37 places, all below massif's threshold (1.00%)
 n1: 913631 0x400874C: lex (lexer.c:321)
  n2: 913631 0x4004CF1: parse_help (eval.c:1281)
   n2: 913631 0x4006EA4: eval_tree (eval.c:1965)
    n1: 848079 0x4006232: eval_tree (eval.c:1700)
     n1: 848079 0x400587E: eval_tree (eval.c:1529)
      n1: 848079 0x400634E: eval_tree (eval.c:1726)
       n1: 848079 0x4006232: eval_tree (eval.c:1700)
        n1: 848079 0x4006872: eval_tree (eval.c:1844)
         n1: 848079 0x40079EE: eval_tree (eval.c:2209)
          n1: 848079 0x4006ABD: eval_tree (eval.c:1893)
           n1: 848079 0x40079EE: eval_tree (eval.c:2209)
            n1: 848079 0x4006EF7: eval_tree (eval.c:1974)
             n0: 848079 0x4009BCD: main (psi.c:69)
    n0: 65552 in 2 places, all below massif's threshold (1.00%)
   n0: 0 in 1 place, below massif's threshold (1.00%)
 n0: 621335 in 23 places, all below massif's threshold (1.00%)
 n2: 559719 0x4927BEE: strdup (strdup.c:42)
  n2: 514322 0x4001662: create_binding (env.c:93)
   n3: 513869 0x40015C3: copy_env (env.c:68)
    n2: 276473 0x4006148: eval_tree (eval.c:1685)
     n2: 276473 0x4005664: eval_tree (eval.c:1490)
      n2: 255166 0x4006EF7: eval_tree (eval.c:1974)
       n1: 170457 0x4006232: eval_tree (eval.c:1700)
        n1: 170457 0x400587E: eval_tree (eval.c:1529)
         n1: 170457 0x400634E: eval_tree (eval.c:1726)
          n1: 170457 0x4006232: eval_tree (eval.c:1700)
           n1: 170457 0x4006872: eval_tree (eval.c:1844)
            n1: 170457 0x40079EE: eval_tree (eval.c:2209)
             n1: 170457 0x4006ABD: eval_tree (eval.c:1893)
              n1: 170457 0x40079EE: eval_tree (eval.c:2209)
               n1: 170457 0x4006EF7: eval_tree (eval.c:1974)
                n0: 170457 0x4009BCD: main (psi.c:69)
       n0: 84709 in 2 places, all below massif's threshold (1.00%)
      n0: 21307 in 1 place, below massif's threshold (1.00%)
     n0: 0 in 2 places, all below massif's threshold (1.00%)
    n2: 236590 0x40015F8: copy_env (env.c:74)
     n1: 208060 0x40015F8: copy_env (env.c:74)
      n0: 208060 in 3 places, all below massif's threshold (1.00%)
     n0: 28530 in 2 places, all below massif's threshold (1.00%)
    n0: 806 in 1 place, below massif's threshold (1.00%)
   n0: 453 in 37 places, all below massif's threshold (1.00%)
  n0: 45397 in 2 places, all below massif's threshold (1.00%)
 n2: 403512 0x400A9EB: pval_number (pvals.c:73)
  n2: 403464 0x4009E60: pval_copy (pval_utils.c:20)
   n2: 363624 0x40015AE: copy_env (env.c:68)
    n2: 290592 0x4006148: eval_tree (eval.c:1685)
     n2: 290592 0x4005664: eval_tree (eval.c:1490)
      n2: 268128 0x4006EF7: eval_tree (eval.c:1974)
       n1: 179424 0x4006232: eval_tree (eval.c:1700)
        n1: 179424 0x400587E: eval_tree (eval.c:1529)
         n1: 179424 0x400634E: eval_tree (eval.c:1726)
          n1: 179424 0x4006232: eval_tree (eval.c:1700)
           n1: 179424 0x4006872: eval_tree (eval.c:1844)
            n1: 179424 0x40079EE: eval_tree (eval.c:2209)
             n1: 179424 0x4006ABD: eval_tree (eval.c:1893)
              n1: 179424 0x40079EE: eval_tree (eval.c:2209)
               n1: 179424 0x4006EF7: eval_tree (eval.c:1974)
                n0: 179424 0x4009BCD: main (psi.c:69)
       n0: 88704 in 1 place, below massif's threshold (1.00%)
      n0: 22464 in 1 place, below massif's threshold (1.00%)
     n0: 0 in 2 places, all below massif's threshold (1.00%)
    n0: 73032 in 2 places, all below massif's threshold (1.00%)
   n0: 39840 in 21 places, all below massif's threshold (1.00%)
  n0: 48 in 14 places, all below massif's threshold (1.00%)
 n2: 270256 0x4009FE9: pval_add (pval_utils.c:71)
  n2: 269920 0x4009F99: pval_copy (pval_utils.c:56)
   n1: 199808 0x4009F87: pval_copy (pval_utils.c:56)
    n0: 199808 in 14 places, all below massif's threshold (1.00%)
   n0: 70112 in 16 places, all below massif's threshold (1.00%)
  n0: 336 in 66 places, all below massif's threshold (1.00%)
 n2: 269280 0x400AA77: pval_symbol (pvals.c:95)
  n2: 269160 0x4009E80: pval_copy (pval_utils.c:24)
   n2: 242904 0x4009F87: pval_copy (pval_utils.c:56)
    n1: 184680 0x4009F87: pval_copy (pval_utils.c:56)
     n0: 184680 in 10 places, all below massif's threshold (1.00%)
    n0: 58224 in 13 places, all below massif's threshold (1.00%)
   n0: 26256 in 16 places, all below massif's threshold (1.00%)
  n0: 120 in 42 places, all below massif's threshold (1.00%)
 n2: 214704 0x400ABB5: empty_list (pvals.c:141)
  n1: 214392 0x4009F62: pval_copy (pval_utils.c:51)
   n0: 214392 in 21 places, all below massif's threshold (1.00%)
  n0: 312 in 31 places, all below massif's threshold (1.00%)
#-----------
snapshot=11
#-----------
time=2754830792
mem_heap_B=12886878
mem_heap_extra_B=4699786
mem_stacks_B=0
heap_tree=empty
#-----------
snapshot=12
#-----------
time=2948776560
mem_heap_B=13219905
mem_heap_extra_B=5019583
mem_stacks_B=0
heap_tree=empty
#-----------
snapshot=13
#-----------
time=3272043944
mem_heap_B=13750222
mem_heap_extra_B=5548474
mem_stacks_B=0
heap_tree=empty
#-----------
snapshot=14
#-----------
time=3530703560
mem_heap_B=14194656
mem_heap_extra_B=5977416
mem_stacks_B=0
heap_tree=empty
#-----------
snapshot=15
#-----------
time=3756976360
mem_heap_B=14568072
mem_heap_extra_B=6344608
mem_stacks_B=0
heap_tree=detailed
n11: 14568072 (heap allocation functions) malloc/new/new[], --alloc-fns, etc.
 n1: 4551767 0x400860C: lex (lexer.c:292)
  n2: 4551767 0x4004CF1: parse_help (eval.c:1281)
   n2: 4551767 0x4006EA4: eval_tree (eval.c:1965)
    n1: 4248589 0x4006232: eval_tree (eval.c:1700)
     n1: 4248589 0x400587E: eval_tree (eval.c:1529)
      n1: 4248589 0x400634E: eval_tree (eval.c:1726)
       n1: 4248589 0x4006232: eval_tree (eval.c:1700)
        n1: 4248589 0x4006872: eval_tree (eval.c:1844)
         n1: 4248589 0x40079EE: eval_tree (eval.c:2209)
          n1: 4248589 0x4006ABD: eval_tree (eval.c:1893)
           n1: 4248589 0x40079EE: eval_tree (eval.c:2209)
            n1: 4248589 0x4006EF7: eval_tree (eval.c:1974)
             n0: 4248589 0x4009BCD: main (psi.c:69)
    n0: 303178 in 2 places, all below massif's threshold (1.00%)
   n0: 0 in 1 place, below massif's threshold (1.00%)
 n2: 3099120 0x4001652: create_binding (env.c:91)
  n3: 3097320 0x40015C3: copy_env (env.c:68)
   n2: 1720680 0x40015F8: copy_env (env.c:74)
    n3: 1605744 0x40015F8: copy_env (env.c:74)
     n2: 1194336 0x4006148: eval_tree (eval.c:1685)
      n2: 1194336 0x4005664: eval_tree (eval.c:1490)
       n2: 1102464 0x4006EF7: eval_tree (eval.c:1974)
        n1: 734976 0x4006232: eval_tree (eval.c:1700)
         n1: 734976 0x400587E: eval_tree (eval.c:1529)
          n1: 734976 0x400634E: eval_tree (eval.c:1726)
           n1: 734976 0x4006232: eval_tree (eval.c:1700)
            n1: 734976 0x4006872: eval_tree (eval.c:1844)
             n1: 734976 0x40079EE: eval_tree (eval.c:2209)
              n1: 734976 0x4006ABD: eval_tree (eval.c:1893)
               n1: 734976 0x40079EE: eval_tree (eval.c:2209)
                n1: 734976 0x4006EF7: eval_tree (eval.c:1974)
                 n0: 734976 0x4009BCD: main (psi.c:69)
        n1: 367488 0x4006EF7: eval_tree (eval.c:1974)
         n1: 367488 0x4006232: eval_tree (eval.c:1700)
          n1: 367488 0x400587E: eval_tree (eval.c:1529)
           n1: 367488 0x400634E: eval_tree (eval.c:1726)
            n1: 367488 0x4006232: eval_tree (eval.c:1700)
             n1: 367488 0x4006872: eval_tree (eval.c:1844)
              n1: 367488 0x40079EE: eval_tree (eval.c:2209)
               n1: 367488 0x4006ABD: eval_tree (eval.c:1893)
                n1: 367488 0x40079EE: eval_tree (eval.c:2209)
                 n1: 367488 0x4006EF7: eval_tree (eval.c:1974)
                  n0: 367488 0x4009BCD: main (psi.c:69)
       n0: 91872 in 1 place, below massif's threshold (1.00%)
      n0: 0 in 2 places, all below massif's threshold (1.00%)
     n2: 210960 0x4005D47: eval_tree (eval.c:1617)
      n2: 210960 0x40079EE: eval_tree (eval.c:2209)
       n2: 210960 0x40079EE: eval_tree (eval.c:2209)
        n1: 210960 0x400549B: eval_tree (eval.c:1461)
         n1: 210960 0x4006EF7: eval_tree (eval.c:1974)
          n1: 210960 0x4006232: eval_tree (eval.c:1700)
           n1: 210960 0x400587E: eval_tree (eval.c:1529)
            n1: 210960 0x400634E: eval_tree (eval.c:1726)
             n1: 210960 0x4006232: eval_tree (eval.c:1700)
              n1: 210960 0x4006872: eval_tree (eval.c:1844)
               n1: 210960 0x40079EE: eval_tree (eval.c:2209)
                n1: 210960 0x4006ABD: eval_tree (eval.c:1893)
                 n1: 210960 0x40079EE: eval_tree (eval.c:2209)
                  n1: 210960 0x4006EF7: eval_tree (eval.c:1974)
                   n0: 210960 0x4009BCD: main (psi.c:69)
        n0: 0 in 1 place, below massif's threshold (1.00%)
       n0: 0 in 3 places, all below massif's threshold (1.00%)
      n0: 0 in 4 places, all below massif's threshold (1.00%)
     n0: 200448 in 1 place, below massif's threshold (1.00%)
    n0: 114936 in 2 places, all below massif's threshold (1.00%)
   n2: 1371000 0x4006148: eval_tree (eval.c:1685)
    n2: 1371000 0x4005664: eval_tree (eval.c:1490)
     n3: 1265400 0x4006EF7: eval_tree (eval.c:1974)
      n1: 844656 0x4006232: eval_tree (eval.c:1700)
       n1: 844656 0x400587E: eval_tree (eval.c:1529)
        n1: 844656 0x400634E: eval_tree (eval.c:1726)
         n1: 844656 0x4006232: eval_tree (eval.c:1700)
          n1: 844656 0x4006872: eval_tree (eval.c:1844)
           n1: 844656 0x40079EE: eval_tree (eval.c:2209)
            n1: 844656 0x4006ABD: eval_tree (eval.c:1893)
             n1: 844656 0x40079EE: eval_tree (eval.c:2209)
              n1: 844656 0x4006EF7: eval_tree (eval.c:1974)
               n0: 844656 0x4009BCD: main (psi.c:69)
      n1: 419952 0x4006EF7: eval_tree (eval.c:1974)
       n1: 419952 0x4006232: eval_tree (eval.c:1700)
        n1: 419952 0x400587E: eval_tree (eval.c:1529)
         n1: 419952 0x400634E: eval_tree (eval.c:1726)
          n1: 419952 0x4006232: eval_tree (eval.c:1700)
           n1: 419952 0x4006872: eval_tree (eval.c:1844)
            n1: 419952 0x40079EE: eval_tree (eval.c:2209)
             n1: 419952 0x4006ABD: eval_tree (eval.c:1893)
              n1: 419952 0x40079EE: eval_tree (eval.c:2209)
               n1: 419952 0x4006EF7: eval_tree (eval.c:1974)
                n0: 419952 0x4009BCD: main (psi.c:69)
      n0: 792 in 1 place, below massif's threshold (1.00%)
     n0: 105600 in 1 place, below massif's threshold (1.00%)
    n0: 0 in 2 places, all below massif's threshold (1.00%)
   n0: 5640 in 1 place, below massif's threshold (1.00%)
  n0: 1800 in 37 places, all below massif's threshold (1.00%)
 n1: 2630274 0x400826D: lex (lexer.c:219)
  n2: 2630274 0x4004CF1: parse_help (eval.c:1281)
   n2: 2630274 0x4006EA4: eval_tree (eval.c:1965)
    n1: 2589304 0x4006232: eval_tree (eval.c:1700)
     n1: 2589304 0x400587E: eval_tree (eval.c:1529)
      n1: 2589304 0x400634E: eval_tree (eval.c:1726)
       n1: 2589304 0x4006232: eval_tree (eval.c:1700)
        n1: 2589304 0x4006872: eval_tree (eval.c:1844)
         n1: 2589304 0x40079EE: eval_tree (eval.c:2209)
          n1: 2589304 0x4006ABD: eval_tree (eval.c:1893)
           n1: 2589304 0x40079EE: eval_tree (eval.c:2209)
            n1: 2589304 0x4006EF7: eval_tree (eval.c:1974)
             n0: 2589304 0x4009BCD: main (psi.c:69)
    n0: 40970 in 2 places, all below massif's threshold (1.00%)
   n0: 0 in 1 place, below massif's threshold (1.00%)
 n1: 913631 0x400874C: lex (lexer.c:321)
  n2: 913631 0x4004CF1: parse_help (eval.c:1281)
   n2: 913631 0x4006EA4: eval_tree (eval.c:1965)
    n1: 848079 0x4006232: eval_tree (eval.c:1700)
     n1: 848079 0x400587E: eval_tree (eval.c:1529)
      n1: 848079 0x400634E: eval_tree (eval.c:1726)
       n1: 848079 0x4006232: eval_tree (eval.c:1700)
        n1: 848079 0x4006872: eval_tree (eval.c:1844)
         n1: 848079 0x40079EE: eval_tree (eval.c:2209)
          n1: 848079 0x4006ABD: eval_tree (eval.c:1893)
           n1: 848079 0x40079EE: eval_tree (eval.c:2209)
            n1: 848079 0x4006EF7: eval_tree (eval.c:1974)
             n0: 848079 0x4009BCD: main (psi.c:69)
    n0: 65552 in 2 places, all below massif's threshold (1.00%)
   n0: 0 in 1 place, below massif's threshold (1.00%)
 n2: 832597 0x4927BEE: strdup (strdup.c:42)
  n2: 765350 0x4001662: create_binding (env.c:93)
   n3: 764897 0x40015C3: copy_env (env.c:68)
    n2: 411829 0x4006148: eval_tree (eval.c:1685)
     n2: 411829 0x4005664: eval_tree (eval.c:1490)
      n2: 380110 0x4006EF7: eval_tree (eval.c:1974)
       n1: 253753 0x4006232: eval_tree (eval.c:1700)
        n1: 253753 0x400587E: eval_tree (eval.c:1529)
         n1: 253753 0x400634E: eval_tree (eval.c:1726)
          n1: 253753 0x4006232: eval_tree (eval.c:1700)
           n1: 253753 0x4006872: eval_tree (eval.c:1844)
            n1: 253753 0x40079EE: eval_tree (eval.c:2209)
             n1: 253753 0x4006ABD: eval_tree (eval.c:1893)
              n1: 253753 0x40079EE: eval_tree (eval.c:2209)
               n1: 253753 0x4006EF7: eval_tree (eval.c:1974)
                n0: 253753 0x4009BCD: main (psi.c:69)
       n0: 126357 in 2 places, all below massif's threshold (1.00%)
      n0: 31719 in 1 place, below massif's threshold (1.00%)
     n0: 0 in 2 places, all below massif's threshold (1.00%)
    n2: 351882 0x40015F8: copy_env (env.c:74)
     n1: 309520 0x40015F8: copy_env (env.c:74)
      n0: 309520 in 3 places, all below massif's threshold (1.00%)
     n0: 42362 in 2 places, all below massif's threshold (1.00%)
    n0: 1186 in 1 place, below massif's threshold (1.00%)
   n0: 453 in 37 places, all below massif's threshold (1.00%)
  n0: 67247 in 2 places, all below massif's threshold (1.00%)
 n0: 608387 in 22 places, all below massif's threshold (1.00%)
 n2: 600504 0x400A9EB: pval_number (pvals.c:73)
  n2: 600456 0x4009E60: pval_copy (pval_utils.c:20)
   n2: 541464 0x40015AE: copy_env (env.c:68)
    n2: 432864 0x4006148: eval_tree (eval.c:1685)
     n2: 432864 0x4005664: eval_tree (eval.c:1490)
      n2: 399456 0x4006EF7: eval_tree (eval.c:1974)
       n1: 266976 0x4006232: eval_tree (eval.c:1700)
        n1: 266976 0x400587E: eval_tree (eval.c:1529)
         n1: 266976 0x400634E: eval_tree (eval.c:1726)
          n1: 266976 0x4006232: eval_tree (eval.c:1700)
           n1: 266976 0x4006872: eval_tree (eval.c:1844)
            n1: 266976 0x40079EE: eval_tree (eval.c:2209)
             n1: 266976 0x4006ABD: eval_tree (eval.c:1893)
              n1: 266976 0x40079EE: eval_tree (eval.c:2209)
               n1: 266976 0x4006EF7: eval_tree (eval.c:1974)
                n0: 266976 0x4009BCD: main (psi.c:69)
       n0: 132480 in 1 place, below massif's threshold (1.00%)
      n0: 33408 in 1 place, below massif's threshold (1.00%)
     n0: 0 in 2 places, all below massif's threshold (1.00%)
    n0: 108600 in 2 places, all below massif's threshold (1.00%)
   n0: 58992 in 21 places, all below massif's threshold (1.00%)
  n0: 48 in 14 places, all below massif's threshold (1.00%)
 n2: 400976 0x4009FE9: pval_add (pval_utils.c:71)
  n2: 400640 0x4009F99: pval_copy (pval_utils.c:56)
   n1: 296480 0x4009F87: pval_copy (pval_utils.c:56)
    n0: 296480 in 14 places, all below massif's threshold (1.00%)
   n0: 104160 in 16 places, all below massif's threshold (1.00%)
  n0: 336 in 66 places, all below massif's threshold (1.00%)
 n2: 399696 0x400AA77: pval_symbol (pvals.c:95)
  n2: 399576 0x4009E80: pval_copy (pval_utils.c:24)
   n2: 360552 0x4009F87: pval_copy (pval_utils.c:56)
    n1: 274056 0x4009F87: pval_copy (pval_utils.c:56)
     n0: 274056 in 10 places, all below massif's threshold (1.00%)
    n0: 86496 in 13 places, all below massif's threshold (1.00%)
   n0: 39024 in 16 places, all below massif's threshold (1.00%)
  n0: 120 in 42 places, all below massif's threshold (1.00%)
 n2: 318672 0x400ABB5: empty_list (pvals.c:141)
  n1: 318360 0x4009F62: pval_copy (pval_utils.c:51)
   n0: 318360 in 21 places, all below massif's threshold (1.00%)
  n0: 312 in 31 places, all below massif's threshold (1.00%)
 n2: 212448 0x400ABD9: empty_list (pvals.c:146)
  n1: 212240 0x4009F62: pval_copy (pval_utils.c:51)
   n0: 212240 in 21 places, all below massif's threshold (1.00%)
  n0: 208 in 31 places, all below massif's threshold (1.00%)
#-----------
snapshot=16
#-----------
time=4067527376
mem_heap_B=11178730
mem_heap_extra_B=6785798
mem_stacks_B=0
heap_tree=empty
#-----------
snapshot=17
#-----------
time=4268364592
mem_heap_B=9743503
mem_heap_extra_B=7055505
mem_stacks_B=0
heap_tree=empty
#-----------
snapshot=18
#-----------
time=4532911176
mem_heap_B=15863088
mem_heap_extra_B=7617496
mem_stacks_B=0
heap_tree=detailed
n11: 15863088 (heap allocation functions) malloc/new/new[], --alloc-fns, etc.
 n1: 4551767 0x400860C: lex (lexer.c:292)
  n2: 4551767 0x4004CF1: parse_help (eval.c:1281)
   n2: 4551767 0x4006EA4: eval_tree (eval.c:1965)
    n1: 4248589 0x4006232: eval_tree (eval.c:1700)
     n1: 4248589 0x400587E: eval_tree (eval.c:1529)
      n1: 4248589 0x400634E: eval_tree (eval.c:1726)
       n1: 4248589 0x4006232: eval_tree (eval.c:1700)
        n1: 4248589 0x4006872: eval_tree (eval.c:1844)
         n1: 4248589 0x40079EE: eval_tree (eval.c:2209)
          n1: 4248589 0x4006ABD: eval_tree (eval.c:1893)
           n1: 4248589 0x40079EE: eval_tree (eval.c:2209)
            n1: 4248589 0x4006EF7: eval_tree (eval.c:1974)
             n0: 4248589 0x4009BCD: main (psi.c:69)
    n0: 303178 in 2 places, all below massif's threshold (1.00%)
   n0: 0 in 1 place, below massif's threshold (1.00%)
 n2: 3740784 0x4001652: create_binding (env.c:91)
  n3: 3738984 0x40015C3: copy_env (env.c:68)
   n2: 2076648 0x40015F8: copy_env (env.c:74)
    n3: 1938096 0x40015F8: copy_env (env.c:74)
     n2: 1441440 0x4006148: eval_tree (eval.c:1685)
      n2: 1441440 0x4005664: eval_tree (eval.c:1490)
       n2: 1330560 0x4006EF7: eval_tree (eval.c:1974)
        n1: 887040 0x4006232: eval_tree (eval.c:1700)
         n1: 887040 0x400587E: eval_tree (eval.c:1529)
          n1: 887040 0x400634E: eval_tree (eval.c:1726)
           n1: 887040 0x4006232: eval_tree (eval.c:1700)
            n1: 887040 0x4006872: eval_tree (eval.c:1844)
             n1: 887040 0x40079EE: eval_tree (eval.c:2209)
              n1: 887040 0x4006ABD: eval_tree (eval.c:1893)
               n1: 887040 0x40079EE: eval_tree (eval.c:2209)
                n1: 887040 0x4006EF7: eval_tree (eval.c:1974)
                 n0: 887040 0x4009BCD: main (psi.c:69)
        n1: 443520 0x4006EF7: eval_tree (eval.c:1974)
         n1: 443520 0x4006232: eval_tree (eval.c:1700)
          n1: 443520 0x400587E: eval_tree (eval.c:1529)
           n1: 443520 0x400634E: eval_tree (eval.c:1726)
            n1: 443520 0x4006232: eval_tree (eval.c:1700)
             n1: 443520 0x4006872: eval_tree (eval.c:1844)
              n1: 443520 0x40079EE: eval_tree (eval.c:2209)
               n1: 443520 0x4006ABD: eval_tree (eval.c:1893)
                n1: 443520 0x40079EE: eval_tree (eval.c:2209)
                 n1: 443520 0x4006EF7: eval_tree (eval.c:1974)
                  n0: 443520 0x4009BCD: main (psi.c:69)
       n0: 110880 in 1 place, below massif's threshold (1.00%)
      n0: 0 in 2 places, all below massif's threshold (1.00%)
     n2: 254736 0x4005D47: eval_tree (eval.c:1617)
      n2: 254736 0x40079EE: eval_tree (eval.c:2209)
       n2: 254736 0x40079EE: eval_tree (eval.c:2209)
        n1: 254736 0x400549B: eval_tree (eval.c:1461)
         n1: 254736 0x4006EF7: eval_tree (eval.c:1974)
          n1: 254736 0x4006232: eval_tree (eval.c:1700)
           n1: 254736 0x400587E: eval_tree (eval.c:1529)
            n1: 254736 0x400634E: eval_tree (eval.c:1726)
             n1: 254736 0x4006232: eval_tree (eval.c:1700)
              n1: 254736 0x4006872: eval_tree (eval.c:1844)
               n1: 254736 0x40079EE: eval_tree (eval.c:2209)
                n1: 254736 0x4006ABD: eval_tree (eval.c:1893)
                 n1: 254736 0x40079EE: eval_tree (eval.c:2209)
                  n1: 254736 0x4006EF7: eval_tree (eval.c:1974)
                   n0: 254736 0x4009BCD: main (psi.c:69)
        n0: 0 in 1 place, below massif's threshold (1.00%)
       n0: 0 in 3 places, all below massif's threshold (1.00%)
      n0: 0 in 4 places, all below massif's threshold (1.00%)
     n1: 241920 0x40015F8: copy_env (env.c:74)
      n0: 241920 in 2 places, all below massif's threshold (1.00%)
    n0: 138552 in 2 places, all below massif's threshold (1.00%)
   n2: 1655544 0x4006148: eval_tree (eval.c:1685)
    n2: 1655544 0x4005664: eval_tree (eval.c:1490)
     n3: 1528056 0x4006EF7: eval_tree (eval.c:1974)
      n1: 1019760 0x4006232: eval_tree (eval.c:1700)
       n1: 1019760 0x400587E: eval_tree (eval.c:1529)
        n1: 1019760 0x400634E: eval_tree (eval.c:1726)
         n1: 1019760 0x4006232: eval_tree (eval.c:1700)
          n1: 1019760 0x4006872: eval_tree (eval.c:1844)
           n1: 1019760 0x40079EE: eval_tree (eval.c:2209)
            n1: 1019760 0x4006ABD: eval_tree (eval.c:1893)
             n1: 1019760 0x40079EE: eval_tree (eval.c:2209)
              n1: 1019760 0x4006EF7: eval_tree (eval.c:1974)
               n0: 1019760 0x4009BCD: main (psi.c:69)
      n1: 507504 0x4006EF7: eval_tree (eval.c:1974)
       n1: 507504 0x4006232: eval_tree (eval.c:1700)
        n1: 507504 0x400587E: eval_tree (eval.c:1529)
         n1: 507504 0x400634E: eval_tree (eval.c:1726)
          n1: 507504 0x4006232: eval_tree (eval.c:1700)
           n1: 507504 0x4006872: eval_tree (eval.c:1844)
            n1: 507504 0x40079EE: eval_tree (eval.c:2209)
             n1: 507504 0x4006ABD: eval_tree (eval.c:1893)
              n1: 507504 0x40079EE: eval_tree (eval.c:2209)
               n1: 507504 0x4006EF7: eval_tree (eval.c:1974)
                n0: 507504 0x4009BCD: main (psi.c:69)
      n0: 792 in 1 place, below massif's threshold (1.00%)
     n0: 127488 in 1 place, below massif's threshold (1.00%)
    n0: 0 in 2 places, all below massif's threshold (1.00%)
   n0: 6792 in 1 place, below massif's threshold (1.00%)
  n0: 1800 in 37 places, all below massif's threshold (1.00%)
 n1: 2630274 0x400826D: lex (lexer.c:219)
  n2: 2630274 0x4004CF1: parse_help (eval.c:1281)
   n2: 2630274 0x4006EA4: eval_tree (eval.c:1965)
    n1: 2589304 0x4006232: eval_tree (eval.c:1700)
     n1: 2589304 0x400587E: eval_tree (eval.c:1529)
      n1: 2589304 0x400634E: eval_tree (eval.c:1726)
       n1: 2589304 0x4006232: eval_tree (eval.c:1700)
        n1: 2589304 0x4006872: eval_tree (eval.c:1844)
         n1: 2589304 0x40079EE: eval_tree (eval.c:2209)
          n1: 2589304 0x4006ABD: eval_tree (eval.c:1893)
           n1: 2589304 0x40079EE: eval_tree (eval.c:2209)
            n1: 2589304 0x4006EF7: eval_tree (eval.c:1974)
             n0: 2589304 0x4009BCD: main (psi.c:69)
    n0: 40970 in 2 places, all below massif's threshold (1.00%)
   n0: 0 in 1 place, below massif's threshold (1.00%)
 n2: 1004941 0x4927BEE: strdup (strdup.c:42)
  n2: 923894 0x4001662: create_binding (env.c:93)
   n3: 923441 0x40015C3: copy_env (env.c:68)
    n2: 497317 0x4006148: eval_tree (eval.c:1685)
     n2: 497317 0x4005664: eval_tree (eval.c:1490)
      n2: 459022 0x4006EF7: eval_tree (eval.c:1974)
       n1: 306361 0x4006232: eval_tree (eval.c:1700)
        n1: 306361 0x400587E: eval_tree (eval.c:1529)
         n1: 306361 0x400634E: eval_tree (eval.c:1726)
          n1: 306361 0x4006232: eval_tree (eval.c:1700)
           n1: 306361 0x4006872: eval_tree (eval.c:1844)
            n1: 306361 0x40079EE: eval_tree (eval.c:2209)
             n1: 306361 0x4006ABD: eval_tree (eval.c:1893)
              n1: 306361 0x40079EE: eval_tree (eval.c:2209)
               n1: 306361 0x4006EF7: eval_tree (eval.c:1974)
                n0: 306361 0x4009BCD: main (psi.c:69)
       n0: 152661 in 2 places, all below massif's threshold (1.00%)
      n0: 38295 in 1 place, below massif's threshold (1.00%)
     n0: 0 in 2 places, all below massif's threshold (1.00%)
    n2: 424698 0x40015F8: copy_env (env.c:74)
     n2: 373600 0x40015F8: copy_env (env.c:74)
      n2: 251160 0x4006148: eval_tree (eval.c:1685)
       n1: 251160 0x4005664: eval_tree (eval.c:1490)
        n0: 251160 in 2 places, all below massif's threshold (1.00%)
       n0: 0 in 2 places, all below massif's threshold (1.00%)
      n0: 122440 in 2 places, all below massif's threshold (1.00%)
     n0: 51098 in 2 places, all below massif's threshold (1.00%)
    n0: 1426 in 1 place, below massif's threshold (1.00%)
   n0: 453 in 37 places, all below massif's threshold (1.00%)
  n0: 81047 in 2 places, all below massif's threshold (1.00%)
 n1: 913631 0x400874C: lex (lexer.c:321)
  n2: 913631 0x4004CF1: parse_help (eval.c:1281)
   n2: 913631 0x4006EA4: eval_tree (eval.c:1965)
    n1: 848079 0x4006232: eval_tree (eval.c:1700)
     n1: 848079 0x400587E: eval_tree (eval.c:1529)
      n1: 848079 0x400634E: eval_tree (eval.c:1726)
       n1: 848079 0x4006232: eval_tree (eval.c:1700)
        n1: 848079 0x4006872: eval_tree (eval.c:1844)
         n1: 848079 0x40079EE: eval_tree (eval.c:2209)
          n1: 848079 0x4006ABD: eval_tree (eval.c:1893)
           n1: 848079 0x40079EE: eval_tree (eval.c:2209)
            n1: 848079 0x4006EF7: eval_tree (eval.c:1974)
             n0: 848079 0x4009BCD: main (psi.c:69)
    n0: 65552 in 2 places, all below massif's threshold (1.00%)
   n0: 0 in 1 place, below massif's threshold (1.00%)
 n2: 724920 0x400A9EB: pval_number (pvals.c:73)
  n2: 724872 0x4009E60: pval_copy (pval_utils.c:20)
   n2: 653784 0x40015AE: copy_env (env.c:68)
    n2: 522720 0x4006148: eval_tree (eval.c:1685)
     n2: 522720 0x4005664: eval_tree (eval.c:1490)
      n2: 482400 0x4006EF7: eval_tree (eval.c:1974)
       n1: 322272 0x4006232: eval_tree (eval.c:1700)
        n1: 322272 0x400587E: eval_tree (eval.c:1529)
         n1: 322272 0x400634E: eval_tree (eval.c:1726)
          n1: 322272 0x4006232: eval_tree (eval.c:1700)
           n1: 322272 0x4006872: eval_tree (eval.c:1844)
            n1: 322272 0x40079EE: eval_tree (eval.c:2209)
             n1: 322272 0x4006ABD: eval_tree (eval.c:1893)
              n1: 322272 0x40079EE: eval_tree (eval.c:2209)
               n1: 322272 0x4006EF7: eval_tree (eval.c:1974)
                n0: 322272 0x4009BCD: main (psi.c:69)
       n0: 160128 in 1 place, below massif's threshold (1.00%)
      n0: 40320 in 1 place, below massif's threshold (1.00%)
     n0: 0 in 2 places, all below massif's threshold (1.00%)
    n0: 131064 in 2 places, all below massif's threshold (1.00%)
   n0: 71088 in 21 places, all below massif's threshold (1.00%)
  n0: 48 in 14 places, all below massif's threshold (1.00%)
 n0: 690611 in 22 places, all below massif's threshold (1.00%)
 n2: 483536 0x4009FE9: pval_add (pval_utils.c:71)
  n2: 483200 0x4009F99: pval_copy (pval_utils.c:56)
   n1: 357536 0x4009F87: pval_copy (pval_utils.c:56)
    n0: 357536 in 14 places, all below massif's threshold (1.00%)
   n0: 125664 in 16 places, all below massif's threshold (1.00%)
  n0: 336 in 66 places, all below massif's threshold (1.00%)
 n2: 482064 0x400AA77: pval_symbol (pvals.c:95)
  n2: 481944 0x4009E80: pval_copy (pval_utils.c:24)
   n2: 434856 0x4009F87: pval_copy (pval_utils.c:56)
    n1: 330504 0x4009F87: pval_copy (pval_utils.c:56)
     n0: 330504 in 10 places, all below massif's threshold (1.00%)
    n0: 104352 in 13 places, all below massif's threshold (1.00%)
   n0: 47088 in 16 places, all below massif's threshold (1.00%)
  n0: 120 in 42 places, all below massif's threshold (1.00%)
 n2: 384336 0x400ABB5: empty_list (pvals.c:141)
  n2: 384024 0x4009F62: pval_copy (pval_utils.c:51)
   n1: 235992 0x4009F87: pval_copy (pval_utils.c:56)
    n0: 235992 in 14 places, all below massif's threshold (1.00%)
   n0: 148032 in 20 places, all below massif's threshold (1.00%)
  n0: 312 in 31 places, all below massif's threshold (1.00%)
 n2: 256224 0x400ABD9: empty_list (pvals.c:146)
  n1: 256016 0x4009F62: pval_copy (pval_utils.c:51)
   n0: 256016 in 21 places, all below massif's threshold (1.00%)
  n0: 208 in 31 places, all below massif's threshold (1.00%)
#-----------
snapshot=19
#-----------
time=4856213464
mem_heap_B=16402678
mem_heap_extra_B=8147746
mem_stacks_B=0
heap_tree=detailed
n11: 16402678 (heap allocation functions) malloc/new/new[], --alloc-fns, etc.
 n1: 4551767 0x400860C: lex (lexer.c:292)
  n2: 4551767 0x4004CF1: parse_help (eval.c:1281)
   n2: 4551767 0x4006EA4: eval_tree (eval.c:1965)
    n1: 4248589 0x4006232: eval_tree (eval.c:1700)
     n1: 4248589 0x400587E: eval_tree (eval.c:1529)
      n1: 4248589 0x400634E: eval_tree (eval.c:1726)
       n1: 4248589 0x4006232: eval_tree (eval.c:1700)
        n1: 4248589 0x4006872: eval_tree (eval.c:1844)
         n1: 4248589 0x40079EE: eval_tree (eval.c:2209)
          n1: 4248589 0x4006ABD: eval_tree (eval.c:1893)
           n1: 4248589 0x40079EE: eval_tree (eval.c:2209)
            n1: 4248589 0x4006EF7: eval_tree (eval.c:1974)
             n0: 4248589 0x4009BCD: main (psi.c:69)
    n0: 303178 in 2 places, all below massif's threshold (1.00%)
   n0: 0 in 1 place, below massif's threshold (1.00%)
 n2: 4008144 0x4001652: create_binding (env.c:91)
  n3: 4006344 0x40015C3: copy_env (env.c:68)
   n2: 2224968 0x40015F8: copy_env (env.c:74)
    n3: 2076576 0x40015F8: copy_env (env.c:74)
     n2: 1544400 0x4006148: eval_tree (eval.c:1685)
      n2: 1544400 0x4005664: eval_tree (eval.c:1490)
       n2: 1425600 0x4006EF7: eval_tree (eval.c:1974)
        n1: 950400 0x4006232: eval_tree (eval.c:1700)
         n1: 950400 0x400587E: eval_tree (eval.c:1529)
          n1: 950400 0x400634E: eval_tree (eval.c:1726)
           n1: 950400 0x4006232: eval_tree (eval.c:1700)
            n1: 950400 0x4006872: eval_tree (eval.c:1844)
             n1: 950400 0x40079EE: eval_tree (eval.c:2209)
              n1: 950400 0x4006ABD: eval_tree (eval.c:1893)
               n1: 950400 0x40079EE: eval_tree (eval.c:2209)
                n1: 950400 0x4006EF7: eval_tree (eval.c:1974)
                 n0: 950400 0x4009BCD: main (psi.c:69)
        n1: 475200 0x4006EF7: eval_tree (eval.c:1974)
         n1: 475200 0x4006232: eval_tree (eval.c:1700)
          n1: 475200 0x400587E: eval_tree (eval.c:1529)
           n1: 475200 0x400634E: eval_tree (eval.c:1726)
            n1: 475200 0x4006232: eval_tree (eval.c:1700)
             n1: 475200 0x4006872: eval_tree (eval.c:1844)
              n1: 475200 0x40079EE: eval_tree (eval.c:2209)
               n1: 475200 0x4006ABD: eval_tree (eval.c:1893)
                n1: 475200 0x40079EE: eval_tree (eval.c:2209)
                 n1: 475200 0x4006EF7: eval_tree (eval.c:1974)
                  n0: 475200 0x4009BCD: main (psi.c:69)
       n0: 118800 in 1 place, below massif's threshold (1.00%)
      n0: 0 in 2 places, all below massif's threshold (1.00%)
     n2: 272976 0x4005D47: eval_tree (eval.c:1617)
      n2: 272976 0x40079EE: eval_tree (eval.c:2209)
       n2: 272976 0x40079EE: eval_tree (eval.c:2209)
        n1: 272976 0x400549B: eval_tree (eval.c:1461)
         n1: 272976 0x4006EF7: eval_tree (eval.c:1974)
          n1: 272976 0x4006232: eval_tree (eval.c:1700)
           n1: 272976 0x400587E: eval_tree (eval.c:1529)
            n1: 272976 0x400634E: eval_tree (eval.c:1726)
             n1: 272976 0x4006232: eval_tree (eval.c:1700)
              n1: 272976 0x4006872: eval_tree (eval.c:1844)
               n1: 272976 0x40079EE: eval_tree (eval.c:2209)
                n1: 272976 0x4006ABD: eval_tree (eval.c:1893)
                 n1: 272976 0x40079EE: eval_tree (eval.c:2209)
                  n1: 272976 0x4006EF7: eval_tree (eval.c:1974)
                   n0: 272976 0x4009BCD: main (psi.c:69)
        n0: 0 in 1 place, below massif's threshold (1.00%)
       n0: 0 in 3 places, all below massif's threshold (1.00%)
      n0: 0 in 4 places, all below massif's threshold (1.00%)
     n1: 259200 0x40015F8: copy_env (env.c:74)
      n0: 259200 in 2 places, all below massif's threshold (1.00%)
    n0: 148392 in 2 places, all below massif's threshold (1.00%)
   n2: 1774104 0x4006148: eval_tree (eval.c:1685)
    n2: 1774104 0x4005664: eval_tree (eval.c:1490)
     n3: 1637496 0x4006EF7: eval_tree (eval.c:1974)
      n1: 1092720 0x4006232: eval_tree (eval.c:1700)
       n1: 1092720 0x400587E: eval_tree (eval.c:1529)
        n1: 1092720 0x400634E: eval_tree (eval.c:1726)
         n1: 1092720 0x4006232: eval_tree (eval.c:1700)
          n1: 1092720 0x4006872: eval_tree (eval.c:1844)
           n1: 1092720 0x40079EE: eval_tree (eval.c:2209)
            n1: 1092720 0x4006ABD: eval_tree (eval.c:1893)
             n1: 1092720 0x40079EE: eval_tree (eval.c:2209)
              n1: 1092720 0x4006EF7: eval_tree (eval.c:1974)
               n0: 1092720 0x4009BCD: main (psi.c:69)
      n1: 543984 0x4006EF7: eval_tree (eval.c:1974)
       n1: 543984 0x4006232: eval_tree (eval.c:1700)
        n1: 543984 0x400587E: eval_tree (eval.c:1529)
         n1: 543984 0x400634E: eval_tree (eval.c:1726)
          n1: 543984 0x4006232: eval_tree (eval.c:1700)
           n1: 543984 0x4006872: eval_tree (eval.c:1844)
            n1: 543984 0x40079EE: eval_tree (eval.c:2209)
             n1: 543984 0x4006ABD: eval_tree (eval.c:1893)
              n1: 543984 0x40079EE: eval_tree (eval.c:2209)
               n1: 543984 0x4006EF7: eval_tree (eval.c:1974)
                n0: 543984 0x4009BCD: main (psi.c:69)
      n0: 792 in 1 place, below massif's threshold (1.00%)
     n0: 136608 in 1 place, below massif's threshold (1.00%)
    n0: 0 in 2 places, all below massif's threshold (1.00%)
   n0: 7272 in 1 place, below massif's threshold (1.00%)
  n0: 1800 in 37 places, all below massif's threshold (1.00%)
 n1: 2630274 0x400826D: lex (lexer.c:219)
  n2: 2630274 0x4004CF1: parse_help (eval.c:1281)
   n2: 2630274 0x4006EA4: eval_tree (eval.c:1965)
    n1: 2589304 0x4006232: eval_tree (eval.c:1700)
     n1: 2589304 0x400587E: eval_tree (eval.c:1529)
      n1: 2589304 0x400634E: eval_tree (eval.c:1726)
       n1: 2589304 0x4006232: eval_tree (eval.c:1700)
        n1: 2589304 0x4006872: eval_tree (eval.c:1844)
         n1: 2589304 0x40079EE: eval_tree (eval.c:2209)
          n1: 2589304 0x4006ABD: eval_tree (eval.c:1893)
           n1: 2589304 0x40079EE: eval_tree (eval.c:2209)
            n1: 2589304 0x4006EF7: eval_tree (eval.c:1974)
             n0: 2589304 0x4009BCD: main (psi.c:69)
    n0: 40970 in 2 places, all below massif's threshold (1.00%)
   n0: 0 in 1 place, below massif's threshold (1.00%)
 n2: 1076751 0x4927BEE: strdup (strdup.c:42)
  n2: 989954 0x4001662: create_binding (env.c:93)
   n3: 989501 0x40015C3: copy_env (env.c:68)
    n2: 532937 0x4006148: eval_tree (eval.c:1685)
     n2: 532937 0x4005664: eval_tree (eval.c:1490)
      n2: 491902 0x4006EF7: eval_tree (eval.c:1974)
       n1: 328281 0x4006232: eval_tree (eval.c:1700)
        n1: 328281 0x400587E: eval_tree (eval.c:1529)
         n1: 328281 0x400634E: eval_tree (eval.c:1726)
          n1: 328281 0x4006232: eval_tree (eval.c:1700)
           n1: 328281 0x4006872: eval_tree (eval.c:1844)
            n1: 328281 0x40079EE: eval_tree (eval.c:2209)
             n1: 328281 0x4006ABD: eval_tree (eval.c:1893)
              n1: 328281 0x40079EE: eval_tree (eval.c:2209)
               n1: 328281 0x4006EF7: eval_tree (eval.c:1974)
                n0: 328281 0x4009BCD: main (psi.c:69)
       n0: 163621 in 2 places, all below massif's threshold (1.00%)
      n0: 41035 in 1 place, below massif's threshold (1.00%)
     n0: 0 in 2 places, all below massif's threshold (1.00%)
    n2: 455038 0x40015F8: copy_env (env.c:74)
     n2: 400300 0x40015F8: copy_env (env.c:74)
      n2: 269100 0x4006148: eval_tree (eval.c:1685)
       n2: 269100 0x4005664: eval_tree (eval.c:1490)
        n1: 248400 0x4006EF7: eval_tree (eval.c:1974)
         n0: 248400 in 2 places, all below massif's threshold (1.00%)
        n0: 20700 in 1 place, below massif's threshold (1.00%)
       n0: 0 in 2 places, all below massif's threshold (1.00%)
      n0: 131200 in 2 places, all below massif's threshold (1.00%)
     n0: 54738 in 2 places, all below massif's threshold (1.00%)
    n0: 1526 in 1 place, below massif's threshold (1.00%)
   n0: 453 in 37 places, all below massif's threshold (1.00%)
  n0: 86797 in 2 places, all below massif's threshold (1.00%)
 n1: 913631 0x400874C: lex (lexer.c:321)
  n2: 913631 0x4004CF1: parse_help (eval.c:1281)
   n2: 913631 0x4006EA4: eval_tree (eval.c:1965)
    n1: 848079 0x4006232: eval_tree (eval.c:1700)
     n1: 848079 0x400587E: eval_tree (eval.c:1529)
      n1: 848079 0x400634E: eval_tree (eval.c:1726)
       n1: 848079 0x4006232: eval_tree (eval.c:1700)
        n1: 848079 0x4006872: eval_tree (eval.c:1844)
         n1: 848079 0x40079EE: eval_tree (eval.c:2209)
          n1: 848079 0x4006ABD: eval_tree (eval.c:1893)
           n1: 848079 0x40079EE: eval_tree (eval.c:2209)
            n1: 848079 0x4006EF7: eval_tree (eval.c:1974)
             n0: 848079 0x4009BCD: main (psi.c:69)
    n0: 65552 in 2 places, all below massif's threshold (1.00%)
   n0: 0 in 1 place, below massif's threshold (1.00%)
 n2: 776760 0x400A9EB: pval_number (pvals.c:73)
  n2: 776712 0x4009E60: pval_copy (pval_utils.c:20)
   n2: 700584 0x40015AE: copy_env (env.c:68)
    n2: 560160 0x4006148: eval_tree (eval.c:1685)
     n2: 560160 0x4005664: eval_tree (eval.c:1490)
      n2: 516960 0x4006EF7: eval_tree (eval.c:1974)
       n1: 345312 0x4006232: eval_tree (eval.c:1700)
        n1: 345312 0x400587E: eval_tree (eval.c:1529)
         n1: 345312 0x400634E: eval_tree (eval.c:1726)
          n1: 345312 0x4006232: eval_tree (eval.c:1700)
           n1: 345312 0x4006872: eval_tree (eval.c:1844)
            n1: 345312 0x40079EE: eval_tree (eval.c:2209)
             n1: 345312 0x4006ABD: eval_tree (eval.c:1893)
              n1: 345312 0x40079EE: eval_tree (eval.c:2209)
               n1: 345312 0x4006EF7: eval_tree (eval.c:1974)
                n0: 345312 0x4009BCD: main (psi.c:69)
       n0: 171648 in 1 place, below massif's threshold (1.00%)
      n0: 43200 in 1 place, below massif's threshold (1.00%)
     n0: 0 in 2 places, all below massif's threshold (1.00%)
    n0: 140424 in 2 places, all below massif's threshold (1.00%)
   n0: 76128 in 21 places, all below massif's threshold (1.00%)
  n0: 48 in 14 places, all below massif's threshold (1.00%)
 n0: 724871 in 22 places, all below massif's threshold (1.00%)
 n2: 517936 0x4009FE9: pval_add (pval_utils.c:71)
  n2: 517600 0x4009F99: pval_copy (pval_utils.c:56)
   n2: 382976 0x4009F87: pval_copy (pval_utils.c:56)
    n1: 248368 0x4009F87: pval_copy (pval_utils.c:56)
     n0: 248368 in 11 places, all below massif's threshold (1.00%)
    n0: 134608 in 13 places, all below massif's threshold (1.00%)
   n0: 134624 in 16 places, all below massif's threshold (1.00%)
  n0: 336 in 66 places, all below massif's threshold (1.00%)
 n2: 516384 0x400AA77: pval_symbol (pvals.c:95)
  n2: 516264 0x4009E80: pval_copy (pval_utils.c:24)
   n2: 465816 0x4009F87: pval_copy (pval_utils.c:56)
    n1: 354024 0x4009F87: pval_copy (pval_utils.c:56)
     n0: 354024 in 10 places, all below massif's threshold (1.00%)
    n0: 111792 in 13 places, all below massif's threshold (1.00%)
   n0: 50448 in 16 places, all below massif's threshold (1.00%)
  n0: 120 in 42 places, all below massif's threshold (1.00%)
 n2: 411696 0x400ABB5: empty_list (pvals.c:141)
  n2: 411384 0x4009F62: pval_copy (pval_utils.c:51)
   n1: 252792 0x4009F87: pval_copy (pval_utils.c:56)
    n0: 252792 in 14 places, all below massif's threshold (1.00%)
   n0: 158592 in 20 places, all below massif's threshold (1.00%)
  n0: 312 in 31 places, all below massif's threshold (1.00%)
 n2: 274464 0x400ABD9: empty_list (pvals.c:146)
  n1: 274256 0x4009F62: pval_copy (pval_utils.c:51)
   n0: 274256 in 21 places, all below massif's threshold (1.00%)
  n0: 208 in 31 places, all below massif's threshold (1.00%)
#-----------
snapshot=20
#-----------
time=5231452720
mem_heap_B=13133754
mem_heap_extra_B=8695158
mem_stacks_B=0
heap_tree=empty
#-----------
snapshot=21
#-----------
time=5393087488
mem_heap_B=13411879
mem_heap_extra_B=8961001
mem_stacks_B=0
heap_tree=empty
#-----------
snapshot=22
#-----------
time=5632120024
mem_heap_B=17697694
mem_heap_extra_B=9420858
mem_stacks_B=0
heap_tree=detailed
n11: 17697694 (heap allocation functions) malloc/new/new[], --alloc-fns, etc.
 n2: 4649808 0x4001652: create_binding (env.c:91)
  n3: 4648008 0x40015C3: copy_env (env.c:68)
   n2: 2580936 0x40015F8: copy_env (env.c:74)
    n3: 2408928 0x40015F8: copy_env (env.c:74)
     n2: 1791504 0x4006148: eval_tree (eval.c:1685)
      n2: 1791504 0x4005664: eval_tree (eval.c:1490)
       n2: 1653696 0x4006EF7: eval_tree (eval.c:1974)
        n1: 1102464 0x4006232: eval_tree (eval.c:1700)
         n1: 1102464 0x400587E: eval_tree (eval.c:1529)
          n1: 1102464 0x400634E: eval_tree (eval.c:1726)
           n1: 1102464 0x4006232: eval_tree (eval.c:1700)
            n1: 1102464 0x4006872: eval_tree (eval.c:1844)
             n1: 1102464 0x40079EE: eval_tree (eval.c:2209)
              n1: 1102464 0x4006ABD: eval_tree (eval.c:1893)
               n1: 1102464 0x40079EE: eval_tree (eval.c:2209)
                n1: 1102464 0x4006EF7: eval_tree (eval.c:1974)
                 n0: 1102464 0x4009BCD: main (psi.c:69)
        n1: 551232 0x4006EF7: eval_tree (eval.c:1974)
         n1: 551232 0x4006232: eval_tree (eval.c:1700)
          n1: 551232 0x400587E: eval_tree (eval.c:1529)
           n1: 551232 0x400634E: eval_tree (eval.c:1726)
            n1: 551232 0x4006232: eval_tree (eval.c:1700)
             n1: 551232 0x4006872: eval_tree (eval.c:1844)
              n1: 551232 0x40079EE: eval_tree (eval.c:2209)
               n1: 551232 0x4006ABD: eval_tree (eval.c:1893)
                n1: 551232 0x40079EE: eval_tree (eval.c:2209)
                 n1: 551232 0x4006EF7: eval_tree (eval.c:1974)
                  n0: 551232 0x4009BCD: main (psi.c:69)
       n0: 137808 in 1 place, below massif's threshold (1.00%)
      n0: 0 in 2 places, all below massif's threshold (1.00%)
     n2: 316752 0x4005D47: eval_tree (eval.c:1617)
      n2: 316752 0x40079EE: eval_tree (eval.c:2209)
       n2: 316752 0x40079EE: eval_tree (eval.c:2209)
        n1: 316752 0x400549B: eval_tree (eval.c:1461)
         n1: 316752 0x4006EF7: eval_tree (eval.c:1974)
          n1: 316752 0x4006232: eval_tree (eval.c:1700)
           n1: 316752 0x400587E: eval_tree (eval.c:1529)
            n1: 316752 0x400634E: eval_tree (eval.c:1726)
             n1: 316752 0x4006232: eval_tree (eval.c:1700)
              n1: 316752 0x4006872: eval_tree (eval.c:1844)
               n1: 316752 0x40079EE: eval_tree (eval.c:2209)
                n1: 316752 0x4006ABD: eval_tree (eval.c:1893)
                 n1: 316752 0x40079EE: eval_tree (eval.c:2209)
                  n1: 316752 0x4006EF7: eval_tree (eval.c:1974)
                   n0: 316752 0x4009BCD: main (psi.c:69)
        n0: 0 in 1 place, below massif's threshold (1.00%)
       n0: 0 in 3 places, all below massif's threshold (1.00%)
      n0: 0 in 4 places, all below massif's threshold (1.00%)
     n2: 300672 0x40015F8: copy_env (env.c:74)
      n2: 275616 0x40015F8: copy_env (env.c:74)
       n2: 275616 0x4005D47: eval_tree (eval.c:1617)
        n2: 275616 0x40079EE: eval_tree (eval.c:2209)
         n2: 275616 0x40079EE: eval_tree (eval.c:2209)
          n1: 275616 0x400549B: eval_tree (eval.c:1461)
           n1: 275616 0x4006EF7: eval_tree (eval.c:1974)
            n1: 275616 0x4006232: eval_tree (eval.c:1700)
             n1: 275616 0x400587E: eval_tree (eval.c:1529)
              n1: 275616 0x400634E: eval_tree (eval.c:1726)
               n1: 275616 0x4006232: eval_tree (eval.c:1700)
                n1: 275616 0x4006872: eval_tree (eval.c:1844)
                 n1: 275616 0x40079EE: eval_tree (eval.c:2209)
                  n1: 275616 0x4006ABD: eval_tree (eval.c:1893)
                   n1: 275616 0x40079EE: eval_tree (eval.c:2209)
                    n1: 275616 0x4006EF7: eval_tree (eval.c:1974)
                     n0: 275616 0x4009BCD: main (psi.c:69)
          n0: 0 in 1 place, below massif's threshold (1.00%)
         n0: 0 in 3 places, all below massif's threshold (1.00%)
        n0: 0 in 1 place, below massif's threshold (1.00%)
       n0: 0 in 1 place, below massif's threshold (1.00%)
      n0: 25056 in 1 place, below massif's threshold (1.00%)
    n0: 172008 in 2 places, all below massif's threshold (1.00%)
   n2: 2058648 0x4006148: eval_tree (eval.c:1685)
    n2: 2058648 0x4005664: eval_tree (eval.c:1490)
     n3: 1900152 0x4006EF7: eval_tree (eval.c:1974)
      n1: 1267824 0x4006232: eval_tree (eval.c:1700)
       n1: 1267824 0x400587E: eval_tree (eval.c:1529)
        n1: 1267824 0x400634E: eval_tree (eval.c:1726)
         n1: 1267824 0x4006232: eval_tree (eval.c:1700)
          n1: 1267824 0x4006872: eval_tree (eval.c:1844)
           n1: 1267824 0x40079EE: eval_tree (eval.c:2209)
            n1: 1267824 0x4006ABD: eval_tree (eval.c:1893)
             n1: 1267824 0x40079EE: eval_tree (eval.c:2209)
              n1: 1267824 0x4006EF7: eval_tree (eval.c:1974)
               n0: 1267824 0x4009BCD: main (psi.c:69)
      n1: 631536 0x4006EF7: eval_tree (eval.c:1974)
       n1: 631536 0x4006232: eval_tree (eval.c:1700)
        n1: 631536 0x400587E: eval_tree (eval.c:1529)
         n1: 631536 0x400634E: eval_tree (eval.c:1726)
          n1: 631536 0x4006232: eval_tree (eval.c:1700)
           n1: 631536 0x4006872: eval_tree (eval.c:1844)
            n1: 631536 0x40079EE: eval_tree (eval.c:2209)
             n1: 631536 0x4006ABD: eval_tree (eval.c:1893)
              n1: 631536 0x40079EE: eval_tree (eval.c:2209)
               n1: 631536 0x4006EF7: eval_tree (eval.c:1974)
                n0: 631536 0x4009BCD: main (psi.c:69)
      n0: 792 in 1 place, below massif's threshold (1.00%)
     n0: 158496 in 1 place, below massif's threshold (1.00%)
    n0: 0 in 2 places, all below massif's threshold (1.00%)
   n0: 8424 in 1 place, below massif's threshold (1.00%)
  n0: 1800 in 37 places, all below massif's threshold (1.00%)
 n1: 4551767 0x400860C: lex (lexer.c:292)
  n2: 4551767 0x4004CF1: parse_help (eval.c:1281)
   n2: 4551767 0x4006EA4: eval_tree (eval.c:1965)
    n1: 4248589 0x4006232: eval_tree (eval.c:1700)
     n1: 4248589 0x400587E: eval_tree (eval.c:1529)
      n1: 4248589 0x400634E: eval_tree (eval.c:1726)
       n1: 4248589 0x4006232: eval_tree (eval.c:1700)
        n1: 4248589 0x4006872: eval_tree (eval.c:1844)
         n1: 4248589 0x40079EE: eval_tree (eval.c:2209)
          n1: 4248589 0x4006ABD: eval_tree (eval.c:1893)
           n1: 4248589 0x40079EE: eval_tree (eval.c:2209)
            n1: 4248589 0x4006EF7: eval_tree (eval.c:1974)
             n0: 4248589 0x4009BCD: main (psi.c:69)
    n0: 303178 in 2 places, all below massif's threshold (1.00%)
   n0: 0 in 1 place, below massif's threshold (1.00%)
 n1: 2630274 0x400826D: lex (lexer.c:219)
  n2: 2630274 0x4004CF1: parse_help (eval.c:1281)
   n2: 2630274 0x4006EA4: eval_tree (eval.c:1965)
    n1: 2589304 0x4006232: eval_tree (eval.c:1700)
     n1: 2589304 0x400587E: eval_tree (eval.c:1529)
      n1: 2589304 0x400634E: eval_tree (eval.c:1726)
       n1: 2589304 0x4006232: eval_tree (eval.c:1700)
        n1: 2589304 0x4006872: eval_tree (eval.c:1844)
         n1: 2589304 0x40079EE: eval_tree (eval.c:2209)
          n1: 2589304 0x4006ABD: eval_tree (eval.c:1893)
           n1: 2589304 0x40079EE: eval_tree (eval.c:2209)
            n1: 2589304 0x4006EF7: eval_tree (eval.c:1974)
             n0: 2589304 0x4009BCD: main (psi.c:69)
    n0: 40970 in 2 places, all below massif's threshold (1.00%)
   n0: 0 in 1 place, below massif's threshold (1.00%)
 n2: 1249095 0x4927BEE: strdup (strdup.c:42)
  n2: 1148498 0x4001662: create_binding (env.c:93)
   n3: 1148045 0x40015C3: copy_env (env.c:68)
    n2: 618425 0x4006148: eval_tree (eval.c:1685)
     n2: 618425 0x4005664: eval_tree (eval.c:1490)
      n2: 570814 0x4006EF7: eval_tree (eval.c:1974)
       n1: 380889 0x4006232: eval_tree (eval.c:1700)
        n1: 380889 0x400587E: eval_tree (eval.c:1529)
         n1: 380889 0x400634E: eval_tree (eval.c:1726)
          n1: 380889 0x4006232: eval_tree (eval.c:1700)
           n1: 380889 0x4006872: eval_tree (eval.c:1844)
            n1: 380889 0x40079EE: eval_tree (eval.c:2209)
             n1: 380889 0x4006ABD: eval_tree (eval.c:1893)
              n1: 380889 0x40079EE: eval_tree (eval.c:2209)
               n1: 380889 0x4006EF7: eval_tree (eval.c:1974)
                n0: 380889 0x4009BCD: main (psi.c:69)
       n0: 189925 in 2 places, all below massif's threshold (1.00%)
      n0: 47611 in 1 place, below massif's threshold (1.00%)
     n0: 0 in 2 places, all below massif's threshold (1.00%)
    n2: 527854 0x40015F8: copy_env (env.c:74)
     n2: 464380 0x40015F8: copy_env (env.c:74)
      n2: 312156 0x4006148: eval_tree (eval.c:1685)
       n2: 312156 0x4005664: eval_tree (eval.c:1490)
        n1: 288144 0x4006EF7: eval_tree (eval.c:1974)
         n0: 288144 in 2 places, all below massif's threshold (1.00%)
        n0: 24012 in 1 place, below massif's threshold (1.00%)
       n0: 0 in 2 places, all below massif's threshold (1.00%)
      n0: 152224 in 2 places, all below massif's threshold (1.00%)
     n0: 63474 in 2 places, all below massif's threshold (1.00%)
    n0: 1766 in 1 place, below massif's threshold (1.00%)
   n0: 453 in 37 places, all below massif's threshold (1.00%)
  n0: 100597 in 2 places, all below massif's threshold (1.00%)
 n1: 913631 0x400874C: lex (lexer.c:321)
  n2: 913631 0x4004CF1: parse_help (eval.c:1281)
   n2: 913631 0x4006EA4: eval_tree (eval.c:1965)
    n1: 848079 0x4006232: eval_tree (eval.c:1700)
     n1: 848079 0x400587E: eval_tree (eval.c:1529)
      n1: 848079 0x400634E: eval_tree (eval.c:1726)
       n1: 848079 0x4006232: eval_tree (eval.c:1700)
        n1: 848079 0x4006872: eval_tree (eval.c:1844)
         n1: 848079 0x40079EE: eval_tree (eval.c:2209)
          n1: 848079 0x4006ABD: eval_tree (eval.c:1893)
           n1: 848079 0x40079EE: eval_tree (eval.c:2209)
            n1: 848079 0x4006EF7: eval_tree (eval.c:1974)
             n0: 848079 0x4009BCD: main (psi.c:69)
    n0: 65552 in 2 places, all below massif's threshold (1.00%)
   n0: 0 in 1 place, below massif's threshold (1.00%)
 n2: 901176 0x400A9EB: pval_number (pvals.c:73)
  n2: 901128 0x4009E60: pval_copy (pval_utils.c:20)
   n2: 812904 0x40015AE: copy_env (env.c:68)
    n2: 650016 0x4006148: eval_tree (eval.c:1685)
     n2: 650016 0x4005664: eval_tree (eval.c:1490)
      n2: 599904 0x4006EF7: eval_tree (eval.c:1974)
       n1: 400608 0x4006232: eval_tree (eval.c:1700)
        n1: 400608 0x400587E: eval_tree (eval.c:1529)
         n1: 400608 0x400634E: eval_tree (eval.c:1726)
          n1: 400608 0x4006232: eval_tree (eval.c:1700)
           n1: 400608 0x4006872: eval_tree (eval.c:1844)
            n1: 400608 0x40079EE: eval_tree (eval.c:2209)
             n1: 400608 0x4006ABD: eval_tree (eval.c:1893)
              n1: 400608 0x40079EE: eval_tree (eval.c:2209)
               n1: 400608 0x4006EF7: eval_tree (eval.c:1974)
                n0: 400608 0x4009BCD: main (psi.c:69)
       n0: 199296 in 1 place, below massif's threshold (1.00%)
      n0: 50112 in 1 place, below massif's threshold (1.00%)
     n0: 0 in 2 places, all below massif's threshold (1.00%)
    n0: 162888 in 2 places, all below massif's threshold (1.00%)
   n0: 88224 in 21 places, all below massif's threshold (1.00%)
  n0: 48 in 14 places, all below massif's threshold (1.00%)
 n0: 807095 in 22 places, all below massif's threshold (1.00%)
 n2: 600496 0x4009FE9: pval_add (pval_utils.c:71)
  n2: 600160 0x4009F99: pval_copy (pval_utils.c:56)
   n2: 444032 0x4009F87: pval_copy (pval_utils.c:56)
    n1: 287920 0x4009F87: pval_copy (pval_utils.c:56)
     n0: 287920 in 11 places, all below massif's threshold (1.00%)
    n0: 156112 in 13 places, all below massif's threshold (1.00%)
   n0: 156128 in 16 places, all below massif's threshold (1.00%)
  n0: 336 in 66 places, all below massif's threshold (1.00%)
 n2: 598752 0x400AA77: pval_symbol (pvals.c:95)
  n2: 598632 0x4009E80: pval_copy (pval_utils.c:24)
   n2: 540120 0x4009F87: pval_copy (pval_utils.c:56)
    n2: 410472 0x4009F87: pval_copy (pval_utils.c:56)
     n1: 280872 0x4009F87: pval_copy (pval_utils.c:56)
      n0: 280872 in 8 places, all below massif's threshold (1.00%)
     n0: 129600 in 9 places, all below massif's threshold (1.00%)
    n0: 129648 in 13 places, all below massif's threshold (1.00%)
   n0: 58512 in 16 places, all below massif's threshold (1.00%)
  n0: 120 in 42 places, all below massif's threshold (1.00%)
 n2: 477360 0x400ABB5: empty_list (pvals.c:141)
  n2: 477048 0x4009F62: pval_copy (pval_utils.c:51)
   n1: 293112 0x4009F87: pval_copy (pval_utils.c:56)
    n0: 293112 in 14 places, all below massif's threshold (1.00%)
   n0: 183936 in 20 places, all below massif's threshold (1.00%)
  n0: 312 in 31 places, all below massif's threshold (1.00%)
 n2: 318240 0x400ABD9: empty_list (pvals.c:146)
  n1: 318032 0x4009F62: pval_copy (pval_utils.c:51)
   n0: 318032 in 21 places, all below massif's threshold (1.00%)
  n0: 208 in 31 places, all below massif's threshold (1.00%)
#-----------
snapshot=23
#-----------
time=5826177880
mem_heap_B=18021448
mem_heap_extra_B=9739472
mem_stacks_B=0
heap_tree=detailed
n11: 18021448 (heap allocation functions) malloc/new/new[], --alloc-fns, etc.
 n2: 4810224 0x4001652: create_binding (env.c:91)
  n3: 4808424 0x40015C3: copy_env (env.c:68)
   n2: 2669928 0x40015F8: copy_env (env.c:74)
    n3: 2492016 0x40015F8: copy_env (env.c:74)
     n2: 1853280 0x4006148: eval_tree (eval.c:1685)
      n2: 1853280 0x4005664: eval_tree (eval.c:1490)
       n2: 1710720 0x4006EF7: eval_tree (eval.c:1974)
        n1: 1140480 0x4006232: eval_tree (eval.c:1700)
         n1: 1140480 0x400587E: eval_tree (eval.c:1529)
          n1: 1140480 0x400634E: eval_tree (eval.c:1726)
           n1: 1140480 0x4006232: eval_tree (eval.c:1700)
            n1: 1140480 0x4006872: eval_tree (eval.c:1844)
             n1: 1140480 0x40079EE: eval_tree (eval.c:2209)
              n1: 1140480 0x4006ABD: eval_tree (eval.c:1893)
               n1: 1140480 0x40079EE: eval_tree (eval.c:2209)
                n1: 1140480 0x4006EF7: eval_tree (eval.c:1974)
                 n0: 1140480 0x4009BCD: main (psi.c:69)
        n1: 570240 0x4006EF7: eval_tree (eval.c:1974)
         n1: 570240 0x4006232: eval_tree (eval.c:1700)
          n1: 570240 0x400587E: eval_tree (eval.c:1529)
           n1: 570240 0x400634E: eval_tree (eval.c:1726)
            n1: 570240 0x4006232: eval_tree (eval.c:1700)
             n1: 570240 0x4006872: eval_tree (eval.c:1844)
              n1: 570240 0x40079EE: eval_tree (eval.c:2209)
               n1: 570240 0x4006ABD: eval_tree (eval.c:1893)
                n1: 570240 0x40079EE: eval_tree (eval.c:2209)
                 n1: 570240 0x4006EF7: eval_tree (eval.c:1974)
                  n0: 570240 0x4009BCD: main (psi.c:69)
       n0: 142560 in 1 place, below massif's threshold (1.00%)
      n0: 0 in 2 places, all below massif's threshold (1.00%)
     n2: 327696 0x4005D47: eval_tree (eval.c:1617)
      n2: 327696 0x40079EE: eval_tree (eval.c:2209)
       n2: 327696 0x40079EE: eval_tree (eval.c:2209)
        n1: 327696 0x400549B: eval_tree (eval.c:1461)
         n1: 327696 0x4006EF7: eval_tree (eval.c:1974)
          n1: 327696 0x4006232: eval_tree (eval.c:1700)
           n1: 327696 0x400587E: eval_tree (eval.c:1529)
            n1: 327696 0x400634E: eval_tree (eval.c:1726)
             n1: 327696 0x4006232: eval_tree (eval.c:1700)
              n1: 327696 0x4006872: eval_tree (eval.c:1844)
               n1: 327696 0x40079EE: eval_tree (eval.c:2209)
                n1: 327696 0x4006ABD: eval_tree (eval.c:1893)
                 n1: 327696 0x40079EE: eval_tree (eval.c:2209)
                  n1: 327696 0x4006EF7: eval_tree (eval.c:1974)
                   n0: 327696 0x4009BCD: main (psi.c:69)
        n0: 0 in 1 place, below massif's threshold (1.00%)
       n0: 0 in 3 places, all below massif's threshold (1.00%)
      n0: 0 in 4 places, all below massif's threshold (1.00%)
     n2: 311040 0x40015F8: copy_env (env.c:74)
      n2: 285120 0x40015F8: copy_env (env.c:74)
       n2: 285120 0x4005D47: eval_tree (eval.c:1617)
        n2: 285120 0x40079EE: eval_tree (eval.c:2209)
         n2: 285120 0x40079EE: eval_tree (eval.c:2209)
          n1: 285120 0x400549B: eval_tree (eval.c:1461)
           n1: 285120 0x4006EF7: eval_tree (eval.c:1974)
            n1: 285120 0x4006232: eval_tree (eval.c:1700)
             n1: 285120 0x400587E: eval_tree (eval.c:1529)
              n1: 285120 0x400634E: eval_tree (eval.c:1726)
               n1: 285120 0x4006232: eval_tree (eval.c:1700)
                n1: 285120 0x4006872: eval_tree (eval.c:1844)
                 n1: 285120 0x40079EE: eval_tree (eval.c:2209)
                  n1: 285120 0x4006ABD: eval_tree (eval.c:1893)
                   n1: 285120 0x40079EE: eval_tree (eval.c:2209)
                    n1: 285120 0x4006EF7: eval_tree (eval.c:1974)
                     n0: 285120 0x4009BCD: main (psi.c:69)
          n0: 0 in 1 place, below massif's threshold (1.00%)
         n0: 0 in 3 places, all below massif's threshold (1.00%)
        n0: 0 in 1 place, below massif's threshold (1.00%)
       n0: 0 in 1 place, below massif's threshold (1.00%)
      n0: 25920 in 1 place, below massif's threshold (1.00%)
    n0: 177912 in 2 places, all below massif's threshold (1.00%)
   n2: 2129784 0x4006148: eval_tree (eval.c:1685)
    n2: 2129784 0x4005664: eval_tree (eval.c:1490)
     n3: 1965816 0x4006EF7: eval_tree (eval.c:1974)
      n1: 1311600 0x4006232: eval_tree (eval.c:1700)
       n1: 1311600 0x400587E: eval_tree (eval.c:1529)
        n1: 1311600 0x400634E: eval_tree (eval.c:1726)
         n1: 1311600 0x4006232: eval_tree (eval.c:1700)
          n1: 1311600 0x4006872: eval_tree (eval.c:1844)
           n1: 1311600 0x40079EE: eval_tree (eval.c:2209)
            n1: 1311600 0x4006ABD: eval_tree (eval.c:1893)
             n1: 1311600 0x40079EE: eval_tree (eval.c:2209)
              n1: 1311600 0x4006EF7: eval_tree (eval.c:1974)
               n0: 1311600 0x4009BCD: main (psi.c:69)
      n1: 653424 0x4006EF7: eval_tree (eval.c:1974)
       n1: 653424 0x4006232: eval_tree (eval.c:1700)
        n1: 653424 0x400587E: eval_tree (eval.c:1529)
         n1: 653424 0x400634E: eval_tree (eval.c:1726)
          n1: 653424 0x4006232: eval_tree (eval.c:1700)
           n1: 653424 0x4006872: eval_tree (eval.c:1844)
            n1: 653424 0x40079EE: eval_tree (eval.c:2209)
             n1: 653424 0x4006ABD: eval_tree (eval.c:1893)
              n1: 653424 0x40079EE: eval_tree (eval.c:2209)
               n1: 653424 0x4006EF7: eval_tree (eval.c:1974)
                n0: 653424 0x4009BCD: main (psi.c:69)
      n0: 792 in 1 place, below massif's threshold (1.00%)
     n0: 163968 in 1 place, below massif's threshold (1.00%)
    n0: 0 in 2 places, all below massif's threshold (1.00%)
   n0: 8712 in 1 place, below massif's threshold (1.00%)
  n0: 1800 in 37 places, all below massif's threshold (1.00%)
 n1: 4551767 0x400860C: lex (lexer.c:292)
  n2: 4551767 0x4004CF1: parse_help (eval.c:1281)
   n2: 4551767 0x4006EA4: eval_tree (eval.c:1965)
    n1: 4248589 0x4006232: eval_tree (eval.c:1700)
     n1: 4248589 0x400587E: eval_tree (eval.c:1529)
      n1: 4248589 0x400634E: eval_tree (eval.c:1726)
       n1: 4248589 0x4006232: eval_tree (eval.c:1700)
        n1: 4248589 0x4006872: eval_tree (eval.c:1844)
         n1: 4248589 0x40079EE: eval_tree (eval.c:2209)
          n1: 4248589 0x4006ABD: eval_tree (eval.c:1893)
           n1: 4248589 0x40079EE: eval_tree (eval.c:2209)
            n1: 4248589 0x4006EF7: eval_tree (eval.c:1974)
             n0: 4248589 0x4009BCD: main (psi.c:69)
    n0: 303178 in 2 places, all below massif's threshold (1.00%)
   n0: 0 in 1 place, below massif's threshold (1.00%)
 n1: 2630274 0x400826D: lex (lexer.c:219)
  n2: 2630274 0x4004CF1: parse_help (eval.c:1281)
   n2: 2630274 0x4006EA4: eval_tree (eval.c:1965)
    n1: 2589304 0x4006232: eval_tree (eval.c:1700)
     n1: 2589304 0x400587E: eval_tree (eval.c:1529)
      n1: 2589304 0x400634E: eval_tree (eval.c:1726)
       n1: 2589304 0x4006232: eval_tree (eval.c:1700)
        n1: 2589304 0x4006872: eval_tree (eval.c:1844)
         n1: 2589304 0x40079EE: eval_tree (eval.c:2209)
          n1: 2589304 0x4006ABD: eval_tree (eval.c:1893)
           n1: 2589304 0x40079EE: eval_tree (eval.c:2209)
            n1: 2589304 0x4006EF7: eval_tree (eval.c:1974)
             n0: 2589304 0x4009BCD: main (psi.c:69)
    n0: 40970 in 2 places, all below massif's threshold (1.00%)
   n0: 0 in 1 place, below massif's threshold (1.00%)
 n2: 1292181 0x4927BEE: strdup (strdup.c:42)
  n2: 1188134 0x4001662: create_binding (env.c:93)
   n3: 1187681 0x40015C3: copy_env (env.c:68)
    n2: 639797 0x4006148: eval_tree (eval.c:1685)
     n2: 639797 0x4005664: eval_tree (eval.c:1490)
      n2: 590542 0x4006EF7: eval_tree (eval.c:1974)
       n1: 394041 0x4006232: eval_tree (eval.c:1700)
        n1: 394041 0x400587E: eval_tree (eval.c:1529)
         n1: 394041 0x400634E: eval_tree (eval.c:1726)
          n1: 394041 0x4006232: eval_tree (eval.c:1700)
           n1: 394041 0x4006872: eval_tree (eval.c:1844)
            n1: 394041 0x40079EE: eval_tree (eval.c:2209)
             n1: 394041 0x4006ABD: eval_tree (eval.c:1893)
              n1: 394041 0x40079EE: eval_tree (eval.c:2209)
               n1: 394041 0x4006EF7: eval_tree (eval.c:1974)
                n0: 394041 0x4009BCD: main (psi.c:69)
       n0: 196501 in 2 places, all below massif's threshold (1.00%)
      n0: 49255 in 1 place, below massif's threshold (1.00%)
     n0: 0 in 2 places, all below massif's threshold (1.00%)
    n2: 546058 0x40015F8: copy_env (env.c:74)
     n2: 480400 0x40015F8: copy_env (env.c:74)
      n2: 322920 0x4006148: eval_tree (eval.c:1685)
       n2: 322920 0x4005664: eval_tree (eval.c:1490)
        n1: 298080 0x4006EF7: eval_tree (eval.c:1974)
         n0: 298080 in 2 places, all below massif's threshold (1.00%)
        n0: 24840 in 1 place, below massif's threshold (1.00%)
       n0: 0 in 2 places, all below massif's threshold (1.00%)
      n0: 157480 in 2 places, all below massif's threshold (1.00%)
     n0: 65658 in 2 places, all below massif's threshold (1.00%)
    n0: 1826 in 1 place, below massif's threshold (1.00%)
   n0: 453 in 37 places, all below massif's threshold (1.00%)
  n0: 104047 in 2 places, all below massif's threshold (1.00%)
 n2: 932280 0x400A9EB: pval_number (pvals.c:73)
  n2: 932232 0x4009E60: pval_copy (pval_utils.c:20)
   n2: 840984 0x40015AE: copy_env (env.c:68)
    n2: 672480 0x4006148: eval_tree (eval.c:1685)
     n2: 672480 0x4005664: eval_tree (eval.c:1490)
      n2: 620640 0x4006EF7: eval_tree (eval.c:1974)
       n1: 414432 0x4006232: eval_tree (eval.c:1700)
        n1: 414432 0x400587E: eval_tree (eval.c:1529)
         n1: 414432 0x400634E: eval_tree (eval.c:1726)
          n1: 414432 0x4006232: eval_tree (eval.c:1700)
           n1: 414432 0x4006872: eval_tree (eval.c:1844)
            n1: 414432 0x40079EE: eval_tree (eval.c:2209)
             n1: 414432 0x4006ABD: eval_tree (eval.c:1893)
              n1: 414432 0x40079EE: eval_tree (eval.c:2209)
               n1: 414432 0x4006EF7: eval_tree (eval.c:1974)
                n0: 414432 0x4009BCD: main (psi.c:69)
       n0: 206208 in 1 place, below massif's threshold (1.00%)
      n0: 51840 in 1 place, below massif's threshold (1.00%)
     n0: 0 in 2 places, all below massif's threshold (1.00%)
    n0: 168504 in 2 places, all below massif's threshold (1.00%)
   n0: 91248 in 21 places, all below massif's threshold (1.00%)
  n0: 48 in 14 places, all below massif's threshold (1.00%)
 n1: 913631 0x400874C: lex (lexer.c:321)
  n2: 913631 0x4004CF1: parse_help (eval.c:1281)
   n2: 913631 0x4006EA4: eval_tree (eval.c:1965)
    n1: 848079 0x4006232: eval_tree (eval.c:1700)
     n1: 848079 0x400587E: eval_tree (eval.c:1529)
      n1: 848079 0x400634E: eval_tree (eval.c:1726)
       n1: 848079 0x4006232: eval_tree (eval.c:1700)
        n1: 848079 0x4006872: eval_tree (eval.c:1844)
         n1: 848079 0x40079EE: eval_tree (eval.c:2209)
          n1: 848079 0x4006ABD: eval_tree (eval.c:1893)
           n1: 848079 0x40079EE: eval_tree (eval.c:2209)
            n1: 848079 0x4006EF7: eval_tree (eval.c:1974)
             n0: 848079 0x4009BCD: main (psi.c:69)
    n0: 65552 in 2 places, all below massif's threshold (1.00%)
   n0: 0 in 1 place, below massif's threshold (1.00%)
 n0: 827651 in 22 places, all below massif's threshold (1.00%)
 n2: 621136 0x4009FE9: pval_add (pval_utils.c:71)
  n2: 620800 0x4009F99: pval_copy (pval_utils.c:56)
   n2: 459296 0x4009F87: pval_copy (pval_utils.c:56)
    n1: 297808 0x4009F87: pval_copy (pval_utils.c:56)
     n0: 297808 in 11 places, all below massif's threshold (1.00%)
    n0: 161488 in 13 places, all below massif's threshold (1.00%)
   n0: 161504 in 16 places, all below massif's threshold (1.00%)
  n0: 336 in 66 places, all below massif's threshold (1.00%)
 n2: 619344 0x400AA77: pval_symbol (pvals.c:95)
  n2: 619224 0x4009E80: pval_copy (pval_utils.c:24)
   n2: 558696 0x4009F87: pval_copy (pval_utils.c:56)
    n2: 424584 0x4009F87: pval_copy (pval_utils.c:56)
     n1: 290520 0x4009F87: pval_copy (pval_utils.c:56)
      n0: 290520 in 8 places, all below massif's threshold (1.00%)
     n0: 134064 in 9 places, all below massif's threshold (1.00%)
    n0: 134112 in 13 places, all below massif's threshold (1.00%)
   n0: 60528 in 16 places, all below massif's threshold (1.00%)
  n0: 120 in 42 places, all below massif's threshold (1.00%)
 n2: 493776 0x400ABB5: empty_list (pvals.c:141)
  n2: 493464 0x4009F62: pval_copy (pval_utils.c:51)
   n1: 303192 0x4009F87: pval_copy (pval_utils.c:56)
    n0: 303192 in 14 places, all below massif's threshold (1.00%)
   n0: 190272 in 20 places, all below massif's threshold (1.00%)
  n0: 312 in 31 places, all below massif's threshold (1.00%)
 n2: 329184 0x400ABD9: empty_list (pvals.c:146)
  n1: 328976 0x4009F62: pval_copy (pval_utils.c:51)
   n0: 328976 in 21 places, all below massif's threshold (1.00%)
  n0: 208 in 31 places, all below massif's threshold (1.00%)
#-----------
snapshot=24
#-----------
time=6020184248
mem_heap_B=18345202
mem_heap_extra_B=10058086
mem_stacks_B=0
heap_tree=detailed
n11: 18345202 (heap allocation functions) malloc/new/new[], --alloc-fns, etc.
 n2: 4970640 0x4001652: create_binding (env.c:91)
  n3: 4968840 0x40015C3: copy_env (env.c:68)
   n2: 2758920 0x40015F8: copy_env (env.c:74)
    n3: 2575104 0x40015F8: copy_env (env.c:74)
     n2: 1915056 0x4006148: eval_tree (eval.c:1685)
      n2: 1915056 0x4005664: eval_tree (eval.c:1490)
       n2: 1767744 0x4006EF7: eval_tree (eval.c:1974)
        n1: 1178496 0x4006232: eval_tree (eval.c:1700)
         n1: 1178496 0x400587E: eval_tree (eval.c:1529)
          n1: 1178496 0x400634E: eval_tree (eval.c:1726)
           n1: 1178496 0x4006232: eval_tree (eval.c:1700)
            n1: 1178496 0x4006872: eval_tree (eval.c:1844)
             n1: 1178496 0x40079EE: eval_tree (eval.c:2209)
              n1: 1178496 0x4006ABD: eval_tree (eval.c:1893)
               n1: 1178496 0x40079EE: eval_tree (eval.c:2209)
                n1: 1178496 0x4006EF7: eval_tree (eval.c:1974)
                 n0: 1178496 0x4009BCD: main (psi.c:69)
        n1: 589248 0x4006EF7: eval_tree (eval.c:1974)
         n1: 589248 0x4006232: eval_tree (eval.c:1700)
          n1: 589248 0x400587E: eval_tree (eval.c:1529)
           n1: 589248 0x400634E: eval_tree (eval.c:1726)
            n1: 589248 0x4006232: eval_tree (eval.c:1700)
             n1: 589248 0x4006872: eval_tree (eval.c:1844)
              n1: 589248 0x40079EE: eval_tree (eval.c:2209)
               n1: 589248 0x4006ABD: eval_tree (eval.c:1893)
                n1: 589248 0x40079EE: eval_tree (eval.c:2209)
                 n1: 589248 0x4006EF7: eval_tree (eval.c:1974)
                  n0: 589248 0x4009BCD: main (psi.c:69)
       n0: 147312 in 1 place, below massif's threshold (1.00%)
      n0: 0 in 2 places, all below massif's threshold (1.00%)
     n2: 338640 0x4005D47: eval_tree (eval.c:1617)
      n2: 338640 0x40079EE: eval_tree (eval.c:2209)
       n2: 338640 0x40079EE: eval_tree (eval.c:2209)
        n1: 338640 0x400549B: eval_tree (eval.c:1461)
         n1: 338640 0x4006EF7: eval_tree (eval.c:1974)
          n1: 338640 0x4006232: eval_tree (eval.c:1700)
           n1: 338640 0x400587E: eval_tree (eval.c:1529)
            n1: 338640 0x400634E: eval_tree (eval.c:1726)
             n1: 338640 0x4006232: eval_tree (eval.c:1700)
              n1: 338640 0x4006872: eval_tree (eval.c:1844)
               n1: 338640 0x40079EE: eval_tree (eval.c:2209)
                n1: 338640 0x4006ABD: eval_tree (eval.c:1893)
                 n1: 338640 0x40079EE: eval_tree (eval.c:2209)
                  n1: 338640 0x4006EF7: eval_tree (eval.c:1974)
                   n0: 338640 0x4009BCD: main (psi.c:69)
        n0: 0 in 1 place, below massif's threshold (1.00%)
       n0: 0 in 3 places, all below massif's threshold (1.00%)
      n0: 0 in 4 places, all below massif's threshold (1.00%)
     n2: 321408 0x40015F8: copy_env (env.c:74)
      n2: 294624 0x40015F8: copy_env (env.c:74)
       n2: 294624 0x4005D47: eval_tree (eval.c:1617)
        n2: 294624 0x40079EE: eval_tree (eval.c:2209)
         n2: 294624 0x40079EE: eval_tree (eval.c:2209)
          n1: 294624 0x400549B: eval_tree (eval.c:1461)
           n1: 294624 0x4006EF7: eval_tree (eval.c:1974)
            n1: 294624 0x4006232: eval_tree (eval.c:1700)
             n1: 294624 0x400587E: eval_tree (eval.c:1529)
              n1: 294624 0x400634E: eval_tree (eval.c:1726)
               n1: 294624 0x4006232: eval_tree (eval.c:1700)
                n1: 294624 0x4006872: eval_tree (eval.c:1844)
                 n1: 294624 0x40079EE: eval_tree (eval.c:2209)
                  n1: 294624 0x4006ABD: eval_tree (eval.c:1893)
                   n1: 294624 0x40079EE: eval_tree (eval.c:2209)
                    n1: 294624 0x4006EF7: eval_tree (eval.c:1974)
                     n0: 294624 0x4009BCD: main (psi.c:69)
          n0: 0 in 1 place, below massif's threshold (1.00%)
         n0: 0 in 3 places, all below massif's threshold (1.00%)
        n0: 0 in 1 place, below massif's threshold (1.00%)
       n0: 0 in 1 place, below massif's threshold (1.00%)
      n0: 26784 in 1 place, below massif's threshold (1.00%)
    n0: 183816 in 2 places, all below massif's threshold (1.00%)
   n2: 2200920 0x4006148: eval_tree (eval.c:1685)
    n2: 2200920 0x4005664: eval_tree (eval.c:1490)
     n3: 2031480 0x4006EF7: eval_tree (eval.c:1974)
      n1: 1355376 0x4006232: eval_tree (eval.c:1700)
       n1: 1355376 0x400587E: eval_tree (eval.c:1529)
        n1: 1355376 0x400634E: eval_tree (eval.c:1726)
         n1: 1355376 0x4006232: eval_tree (eval.c:1700)
          n1: 1355376 0x4006872: eval_tree (eval.c:1844)
           n1: 1355376 0x40079EE: eval_tree (eval.c:2209)
            n1: 1355376 0x4006ABD: eval_tree (eval.c:1893)
             n1: 1355376 0x40079EE: eval_tree (eval.c:2209)
              n1: 1355376 0x4006EF7: eval_tree (eval.c:1974)
               n0: 1355376 0x4009BCD: main (psi.c:69)
      n1: 675312 0x4006EF7: eval_tree (eval.c:1974)
       n1: 675312 0x4006232: eval_tree (eval.c:1700)
        n1: 675312 0x400587E: eval_tree (eval.c:1529)
         n1: 675312 0x400634E: eval_tree (eval.c:1726)
          n1: 675312 0x4006232: eval_tree (eval.c:1700)
           n1: 675312 0x4006872: eval_tree (eval.c:1844)
            n1: 675312 0x40079EE: eval_tree (eval.c:2209)
             n1: 675312 0x4006ABD: eval_tree (eval.c:1893)
              n1: 675312 0x40079EE: eval_tree (eval.c:2209)
               n1: 675312 0x4006EF7: eval_tree (eval.c:1974)
                n0: 675312 0x4009BCD: main (psi.c:69)
      n0: 792 in 1 place, below massif's threshold (1.00%)
     n0: 169440 in 1 place, below massif's threshold (1.00%)
    n0: 0 in 2 places, all below massif's threshold (1.00%)
   n0: 9000 in 1 place, below massif's threshold (1.00%)
  n0: 1800 in 37 places, all below massif's threshold (1.00%)
 n1: 4551767 0x400860C: lex (lexer.c:292)
  n2: 4551767 0x4004CF1: parse_help (eval.c:1281)
   n2: 4551767 0x4006EA4: eval_tree (eval.c:1965)
    n1: 4248589 0x4006232: eval_tree (eval.c:1700)
     n1: 4248589 0x400587E: eval_tree (eval.c:1529)
      n1: 4248589 0x400634E: eval_tree (eval.c:1726)
       n1: 4248589 0x4006232: eval_tree (eval.c:1700)
        n1: 4248589 0x4006872: eval_tree (eval.c:1844)
         n1: 4248589 0x40079EE: eval_tree (eval.c:2209)
          n1: 4248589 0x4006ABD: eval_tree (eval.c:1893)
           n1: 4248589 0x40079EE: eval_tree (eval.c:2209)
            n1: 4248589 0x4006EF7: eval_tree (eval.c:1974)
             n0: 4248589 0x4009BCD: main (psi.c:69)
    n0: 303178 in 2 places, all below massif's threshold (1.00%)
   n0: 0 in 1 place, below massif's threshold (1.00%)
 n1: 2630274 0x400826D: lex (lexer.c:219)
  n2: 2630274 0x4004CF1: parse_help (eval.c:1281)
   n2: 2630274 0x4006EA4: eval_tree (eval.c:1965)
    n1: 2589304 0x4006232: eval_tree (eval.c:1700)
     n1: 2589304 0x400587E: eval_tree (eval.c:1529)
      n1: 2589304 0x400634E: eval_tree (eval.c:1726)
       n1: 2589304 0x4006232: eval_tree (eval.c:1700)
        n1: 2589304 0x4006872: eval_tree (eval.c:1844)
         n1: 2589304 0x40079EE: eval_tree (eval.c:2209)
          n1: 2589304 0x4006ABD: eval_tree (eval.c:1893)
           n1: 2589304 0x40079EE: eval_tree (eval.c:2209)
            n1: 2589304 0x4006EF7: eval_tree (eval.c:1974)
             n0: 2589304 0x4009BCD: main (psi.c:69)
    n0: 40970 in 2 places, all below massif's threshold (1.00%)
   n0: 0 in 1 place, below massif's threshold (1.00%)
 n2: 1335267 0x4927BEE: strdup (strdup.c:42)
  n2: 1227770 0x4001662: create_binding (env.c:93)
   n3: 1227317 0x40015C3: copy_env (env.c:68)
    n2: 661169 0x4006148: eval_tree (eval.c:1685)
     n2: 661169 0x4005664: eval_tree (eval.c:1490)
      n2: 610270 0x4006EF7: eval_tree (eval.c:1974)
       n1: 407193 0x4006232: eval_tree (eval.c:1700)
        n1: 407193 0x400587E: eval_tree (eval.c:1529)
         n1: 407193 0x400634E: eval_tree (eval.c:1726)
          n1: 407193 0x4006232: eval_tree (eval.c:1700)
           n1: 407193 0x4006872: eval_tree (eval.c:1844)
            n1: 407193 0x40079EE: eval_tree (eval.c:2209)
             n1: 407193 0x4006ABD: eval_tree (eval.c:1893)
              n1: 407193 0x40079EE: eval_tree (eval.c:2209)
               n1: 407193 0x4006EF7: eval_tree (eval.c:1974)
                n0: 407193 0x4009BCD: main (psi.c:69)
       n0: 203077 in 2 places, all below massif's threshold (1.00%)
      n0: 50899 in 1 place, below massif's threshold (1.00%)
     n0: 0 in 2 places, all below massif's threshold (1.00%)
    n2: 564262 0x40015F8: copy_env (env.c:74)
     n2: 496420 0x40015F8: copy_env (env.c:74)
      n2: 333684 0x4006148: eval_tree (eval.c:1685)
       n2: 333684 0x4005664: eval_tree (eval.c:1490)
        n1: 308016 0x4006EF7: eval_tree (eval.c:1974)
         n0: 308016 in 2 places, all below massif's threshold (1.00%)
        n0: 25668 in 1 place, below massif's threshold (1.00%)
       n0: 0 in 2 places, all below massif's threshold (1.00%)
      n0: 162736 in 2 places, all below massif's threshold (1.00%)
     n0: 67842 in 2 places, all below massif's threshold (1.00%)
    n0: 1886 in 1 place, below massif's threshold (1.00%)
   n0: 453 in 37 places, all below massif's threshold (1.00%)
  n0: 107497 in 2 places, all below massif's threshold (1.00%)
 n2: 963384 0x400A9EB: pval_number (pvals.c:73)
  n2: 963336 0x4009E60: pval_copy (pval_utils.c:20)
   n2: 869064 0x40015AE: copy_env (env.c:68)
    n2: 694944 0x4006148: eval_tree (eval.c:1685)
     n2: 694944 0x4005664: eval_tree (eval.c:1490)
      n2: 641376 0x4006EF7: eval_tree (eval.c:1974)
       n1: 428256 0x4006232: eval_tree (eval.c:1700)
        n1: 428256 0x400587E: eval_tree (eval.c:1529)
         n1: 428256 0x400634E: eval_tree (eval.c:1726)
          n1: 428256 0x4006232: eval_tree (eval.c:1700)
           n1: 428256 0x4006872: eval_tree (eval.c:1844)
            n1: 428256 0x40079EE: eval_tree (eval.c:2209)
             n1: 428256 0x4006ABD: eval_tree (eval.c:1893)
              n1: 428256 0x40079EE: eval_tree (eval.c:2209)
               n1: 428256 0x4006EF7: eval_tree (eval.c:1974)
                n0: 428256 0x4009BCD: main (psi.c:69)
       n0: 213120 in 1 place, below massif's threshold (1.00%)
      n0: 53568 in 1 place, below massif's threshold (1.00%)
     n0: 0 in 2 places, all below massif's threshold (1.00%)
    n0: 174120 in 2 places, all below massif's threshold (1.00%)
   n0: 94272 in 21 places, all below massif's threshold (1.00%)
  n0: 48 in 14 places, all below massif's threshold (1.00%)
 n1: 913631 0x400874C: lex (lexer.c:321)
  n2: 913631 0x4004CF1: parse_help (eval.c:1281)
   n2: 913631 0x4006EA4: eval_tree (eval.c:1965)
    n1: 848079 0x4006232: eval_tree (eval.c:1700)
     n1: 848079 0x400587E: eval_tree (eval.c:1529)
      n1: 848079 0x400634E: eval_tree (eval.c:1726)
       n1: 848079 0x4006232: eval_tree (eval.c:1700)
        n1: 848079 0x4006872: eval_tree (eval.c:1844)
         n1: 848079 0x40079EE: eval_tree (eval.c:2209)
          n1: 848079 0x4006ABD: eval_tree (eval.c:1893)
           n1: 848079 0x40079EE: eval_tree (eval.c:2209)
            n1: 848079 0x4006EF7: eval_tree (eval.c:1974)
             n0: 848079 0x4009BCD: main (psi.c:69)
    n0: 65552 in 2 places, all below massif's threshold (1.00%)
   n0: 0 in 1 place, below massif's threshold (1.00%)
 n0: 848207 in 22 places, all below massif's threshold (1.00%)
 n2: 641776 0x4009FE9: pval_add (pval_utils.c:71)
  n2: 641440 0x4009F99: pval_copy (pval_utils.c:56)
   n2: 474560 0x4009F87: pval_copy (pval_utils.c:56)
    n1: 307696 0x4009F87: pval_copy (pval_utils.c:56)
     n0: 307696 in 11 places, all below massif's threshold (1.00%)
    n0: 166864 in 13 places, all below massif's threshold (1.00%)
   n0: 166880 in 16 places, all below massif's threshold (1.00%)
  n0: 336 in 66 places, all below massif's threshold (1.00%)
 n2: 639936 0x400AA77: pval_symbol (pvals.c:95)
  n2: 639816 0x4009E80: pval_copy (pval_utils.c:24)
   n2: 577272 0x4009F87: pval_copy (pval_utils.c:56)
    n2: 438696 0x4009F87: pval_copy (pval_utils.c:56)
     n1: 300168 0x4009F87: pval_copy (pval_utils.c:56)
      n0: 300168 in 8 places, all below massif's threshold (1.00%)
     n0: 138528 in 9 places, all below massif's threshold (1.00%)
    n0: 138576 in 13 places, all below massif's threshold (1.00%)
   n0: 62544 in 16 places, all below massif's threshold (1.00%)
  n0: 120 in 42 places, all below massif's threshold (1.00%)
 n2: 510192 0x400ABB5: empty_list (pvals.c:141)
  n2: 509880 0x4009F62: pval_copy (pval_utils.c:51)
   n1: 313272 0x4009F87: pval_copy (pval_utils.c:56)
    n0: 313272 in 14 places, all below massif's threshold (1.00%)
   n0: 196608 in 20 places, all below massif's threshold (1.00%)
  n0: 312 in 31 places, all below massif's threshold (1.00%)
 n2: 340128 0x400ABD9: empty_list (pvals.c:146)
  n1: 339920 0x4009F62: pval_copy (pval_utils.c:51)
   n0: 339920 in 21 places, all below massif's threshold (1.00%)
  n0: 208 in 31 places, all below massif's threshold (1.00%)
#-----------
snapshot=25
#-----------
time=6278914736
mem_heap_B=18747579
mem_heap_extra_B=10481525
mem_stacks_B=0
heap_tree=empty
#-----------
snapshot=26
#-----------
time=6505294928
mem_heap_B=19154587
mem_heap_extra_B=10853013
mem_stacks_B=0
heap_tree=detailed
n11: 19154587 (heap allocation functions) malloc/new/new[], --alloc-fns, etc.
 n2: 5371680 0x4001652: create_binding (env.c:91)
  n3: 5369880 0x40015C3: copy_env (env.c:68)
   n2: 2981400 0x40015F8: copy_env (env.c:74)
    n3: 2782824 0x40015F8: copy_env (env.c:74)
     n2: 2069496 0x4006148: eval_tree (eval.c:1685)
      n2: 2069496 0x4005664: eval_tree (eval.c:1490)
       n2: 1910304 0x4006EF7: eval_tree (eval.c:1974)
        n1: 1273536 0x4006232: eval_tree (eval.c:1700)
         n1: 1273536 0x400587E: eval_tree (eval.c:1529)
          n1: 1273536 0x400634E: eval_tree (eval.c:1726)
           n1: 1273536 0x4006232: eval_tree (eval.c:1700)
            n1: 1273536 0x4006872: eval_tree (eval.c:1844)
             n1: 1273536 0x40079EE: eval_tree (eval.c:2209)
              n1: 1273536 0x4006ABD: eval_tree (eval.c:1893)
               n1: 1273536 0x40079EE: eval_tree (eval.c:2209)
                n1: 1273536 0x4006EF7: eval_tree (eval.c:1974)
                 n0: 1273536 0x4009BCD: main (psi.c:69)
        n1: 636768 0x4006EF7: eval_tree (eval.c:1974)
         n1: 636768 0x4006232: eval_tree (eval.c:1700)
          n1: 636768 0x400587E: eval_tree (eval.c:1529)
           n1: 636768 0x400634E: eval_tree (eval.c:1726)
            n1: 636768 0x4006232: eval_tree (eval.c:1700)
             n1: 636768 0x4006872: eval_tree (eval.c:1844)
              n1: 636768 0x40079EE: eval_tree (eval.c:2209)
               n1: 636768 0x4006ABD: eval_tree (eval.c:1893)
                n1: 636768 0x40079EE: eval_tree (eval.c:2209)
                 n1: 636768 0x4006EF7: eval_tree (eval.c:1974)
                  n0: 636768 0x4009BCD: main (psi.c:69)
       n0: 159192 in 1 place, below massif's threshold (1.00%)
      n0: 0 in 2 places, all below massif's threshold (1.00%)
     n2: 366000 0x4005D47: eval_tree (eval.c:1617)
      n2: 366000 0x40079EE: eval_tree (eval.c:2209)
       n2: 366000 0x40079EE: eval_tree (eval.c:2209)
        n1: 366000 0x400549B: eval_tree (eval.c:1461)
         n1: 366000 0x4006EF7: eval_tree (eval.c:1974)
          n1: 366000 0x4006232: eval_tree (eval.c:1700)
           n1: 366000 0x400587E: eval_tree (eval.c:1529)
            n1: 366000 0x400634E: eval_tree (eval.c:1726)
             n1: 366000 0x4006232: eval_tree (eval.c:1700)
              n1: 366000 0x4006872: eval_tree (eval.c:1844)
               n1: 366000 0x40079EE: eval_tree (eval.c:2209)
                n1: 366000 0x4006ABD: eval_tree (eval.c:1893)
                 n1: 366000 0x40079EE: eval_tree (eval.c:2209)
                  n1: 366000 0x4006EF7: eval_tree (eval.c:1974)
                   n0: 366000 0x4009BCD: main (psi.c:69)
        n0: 0 in 1 place, below massif's threshold (1.00%)
       n0: 0 in 3 places, all below massif's threshold (1.00%)
      n0: 0 in 4 places, all below massif's threshold (1.00%)
     n2: 347328 0x40015F8: copy_env (env.c:74)
      n2: 318384 0x40015F8: copy_env (env.c:74)
       n2: 318384 0x4005D47: eval_tree (eval.c:1617)
        n2: 318384 0x40079EE: eval_tree (eval.c:2209)
         n2: 318384 0x40079EE: eval_tree (eval.c:2209)
          n1: 318384 0x400549B: eval_tree (eval.c:1461)
           n1: 318384 0x4006EF7: eval_tree (eval.c:1974)
            n1: 318384 0x4006232: eval_tree (eval.c:1700)
             n1: 318384 0x400587E: eval_tree (eval.c:1529)
              n1: 318384 0x400634E: eval_tree (eval.c:1726)
               n1: 318384 0x4006232: eval_tree (eval.c:1700)
                n1: 318384 0x4006872: eval_tree (eval.c:1844)
                 n1: 318384 0x40079EE: eval_tree (eval.c:2209)
                  n1: 318384 0x4006ABD: eval_tree (eval.c:1893)
                   n1: 318384 0x40079EE: eval_tree (eval.c:2209)
                    n1: 318384 0x4006EF7: eval_tree (eval.c:1974)
                     n0: 318384 0x4009BCD: main (psi.c:69)
          n0: 0 in 1 place, below massif's threshold (1.00%)
         n0: 0 in 3 places, all below massif's threshold (1.00%)
        n0: 0 in 1 place, below massif's threshold (1.00%)
       n0: 0 in 1 place, below massif's threshold (1.00%)
      n0: 28944 in 1 place, below massif's threshold (1.00%)
    n0: 198576 in 2 places, all below massif's threshold (1.00%)
   n2: 2378760 0x4006148: eval_tree (eval.c:1685)
    n2: 2378760 0x4005664: eval_tree (eval.c:1490)
     n3: 2195640 0x4006EF7: eval_tree (eval.c:1974)
      n1: 1464816 0x4006232: eval_tree (eval.c:1700)
       n1: 1464816 0x400587E: eval_tree (eval.c:1529)
        n1: 1464816 0x400634E: eval_tree (eval.c:1726)
         n1: 1464816 0x4006232: eval_tree (eval.c:1700)
          n1: 1464816 0x4006872: eval_tree (eval.c:1844)
           n1: 1464816 0x40079EE: eval_tree (eval.c:2209)
            n1: 1464816 0x4006ABD: eval_tree (eval.c:1893)
             n1: 1464816 0x40079EE: eval_tree (eval.c:2209)
              n1: 1464816 0x4006EF7: eval_tree (eval.c:1974)
               n0: 1464816 0x4009BCD: main (psi.c:69)
      n1: 730032 0x4006EF7: eval_tree (eval.c:1974)
       n1: 730032 0x4006232: eval_tree (eval.c:1700)
        n1: 730032 0x400587E: eval_tree (eval.c:1529)
         n1: 730032 0x400634E: eval_tree (eval.c:1726)
          n1: 730032 0x4006232: eval_tree (eval.c:1700)
           n1: 730032 0x4006872: eval_tree (eval.c:1844)
            n1: 730032 0x40079EE: eval_tree (eval.c:2209)
             n1: 730032 0x4006ABD: eval_tree (eval.c:1893)
              n1: 730032 0x40079EE: eval_tree (eval.c:2209)
               n1: 730032 0x4006EF7: eval_tree (eval.c:1974)
                n0: 730032 0x4009BCD: main (psi.c:69)
      n0: 792 in 1 place, below massif's threshold (1.00%)
     n0: 183120 in 1 place, below massif's threshold (1.00%)
    n0: 0 in 2 places, all below massif's threshold (1.00%)
   n0: 9720 in 1 place, below massif's threshold (1.00%)
  n0: 1800 in 37 places, all below massif's threshold (1.00%)
 n1: 4551767 0x400860C: lex (lexer.c:292)
  n2: 4551767 0x4004CF1: parse_help (eval.c:1281)
   n2: 4551767 0x4006EA4: eval_tree (eval.c:1965)
    n1: 4248589 0x4006232: eval_tree (eval.c:1700)
     n1: 4248589 0x400587E: eval_tree (eval.c:1529)
      n1: 4248589 0x400634E: eval_tree (eval.c:1726)
       n1: 4248589 0x4006232: eval_tree (eval.c:1700)
        n1: 4248589 0x4006872: eval_tree (eval.c:1844)
         n1: 4248589 0x40079EE: eval_tree (eval.c:2209)
          n1: 4248589 0x4006ABD: eval_tree (eval.c:1893)
           n1: 4248589 0x40079EE: eval_tree (eval.c:2209)
            n1: 4248589 0x4006EF7: eval_tree (eval.c:1974)
             n0: 4248589 0x4009BCD: main (psi.c:69)
    n0: 303178 in 2 places, all below massif's threshold (1.00%)
   n0: 0 in 1 place, below massif's threshold (1.00%)
 n1: 2630274 0x400826D: lex (lexer.c:219)
  n2: 2630274 0x4004CF1: parse_help (eval.c:1281)
   n2: 2630274 0x4006EA4: eval_tree (eval.c:1965)
    n1: 2589304 0x4006232: eval_tree (eval.c:1700)
     n1: 2589304 0x400587E: eval_tree (eval.c:1529)
      n1: 2589304 0x400634E: eval_tree (eval.c:1726)
       n1: 2589304 0x4006232: eval_tree (eval.c:1700)
        n1: 2589304 0x4006872: eval_tree (eval.c:1844)
         n1: 2589304 0x40079EE: eval_tree (eval.c:2209)
          n1: 2589304 0x4006ABD: eval_tree (eval.c:1893)
           n1: 2589304 0x40079EE: eval_tree (eval.c:2209)
            n1: 2589304 0x4006EF7: eval_tree (eval.c:1974)
             n0: 2589304 0x4009BCD: main (psi.c:69)
    n0: 40970 in 2 places, all below massif's threshold (1.00%)
   n0: 0 in 1 place, below massif's threshold (1.00%)
 n2: 1442982 0x4927BEE: strdup (strdup.c:42)
  n2: 1326860 0x4001662: create_binding (env.c:93)
   n3: 1326407 0x40015C3: copy_env (env.c:68)
    n2: 714599 0x4006148: eval_tree (eval.c:1685)
     n2: 714599 0x4005664: eval_tree (eval.c:1490)
      n2: 659590 0x4006EF7: eval_tree (eval.c:1974)
       n1: 440073 0x4006232: eval_tree (eval.c:1700)
        n1: 440073 0x400587E: eval_tree (eval.c:1529)
         n1: 440073 0x400634E: eval_tree (eval.c:1726)
          n1: 440073 0x4006232: eval_tree (eval.c:1700)
           n1: 440073 0x4006872: eval_tree (eval.c:1844)
            n1: 440073 0x40079EE: eval_tree (eval.c:2209)
             n1: 440073 0x4006ABD: eval_tree (eval.c:1893)
              n1: 440073 0x40079EE: eval_tree (eval.c:2209)
               n1: 440073 0x4006EF7: eval_tree (eval.c:1974)
                n0: 440073 0x4009BCD: main (psi.c:69)
       n0: 219517 in 2 places, all below massif's threshold (1.00%)
      n0: 55009 in 1 place, below massif's threshold (1.00%)
     n0: 0 in 2 places, all below massif's threshold (1.00%)
    n2: 609772 0x40015F8: copy_env (env.c:74)
     n2: 536470 0x40015F8: copy_env (env.c:74)
      n2: 360594 0x4006148: eval_tree (eval.c:1685)
       n2: 360594 0x4005664: eval_tree (eval.c:1490)
        n1: 332856 0x4006EF7: eval_tree (eval.c:1974)
         n0: 332856 in 2 places, all below massif's threshold (1.00%)
        n0: 27738 in 1 place, below massif's threshold (1.00%)
       n0: 0 in 2 places, all below massif's threshold (1.00%)
      n0: 175876 in 2 places, all below massif's threshold (1.00%)
     n0: 73302 in 2 places, all below massif's threshold (1.00%)
    n0: 2036 in 1 place, below massif's threshold (1.00%)
   n0: 453 in 37 places, all below massif's threshold (1.00%)
  n0: 116122 in 2 places, all below massif's threshold (1.00%)
 n2: 1041144 0x400A9EB: pval_number (pvals.c:73)
  n2: 1041096 0x4009E60: pval_copy (pval_utils.c:20)
   n2: 939264 0x40015AE: copy_env (env.c:68)
    n2: 751104 0x4006148: eval_tree (eval.c:1685)
     n2: 751104 0x4005664: eval_tree (eval.c:1490)
      n2: 693216 0x4006EF7: eval_tree (eval.c:1974)
       n1: 462816 0x4006232: eval_tree (eval.c:1700)
        n1: 462816 0x400587E: eval_tree (eval.c:1529)
         n1: 462816 0x400634E: eval_tree (eval.c:1726)
          n1: 462816 0x4006232: eval_tree (eval.c:1700)
           n1: 462816 0x4006872: eval_tree (eval.c:1844)
            n1: 462816 0x40079EE: eval_tree (eval.c:2209)
             n1: 462816 0x4006ABD: eval_tree (eval.c:1893)
              n1: 462816 0x40079EE: eval_tree (eval.c:2209)
               n1: 462816 0x4006EF7: eval_tree (eval.c:1974)
                n0: 462816 0x4009BCD: main (psi.c:69)
       n0: 230400 in 1 place, below massif's threshold (1.00%)
      n0: 57888 in 1 place, below massif's threshold (1.00%)
     n0: 0 in 2 places, all below massif's threshold (1.00%)
    n0: 188160 in 2 places, all below massif's threshold (1.00%)
   n0: 101832 in 21 places, all below massif's threshold (1.00%)
  n0: 48 in 14 places, all below massif's threshold (1.00%)
 n1: 913631 0x400874C: lex (lexer.c:321)
  n2: 913631 0x4004CF1: parse_help (eval.c:1281)
   n2: 913631 0x4006EA4: eval_tree (eval.c:1965)
    n1: 848079 0x4006232: eval_tree (eval.c:1700)
     n1: 848079 0x400587E: eval_tree (eval.c:1529)
      n1: 848079 0x400634E: eval_tree (eval.c:1726)
       n1: 848079 0x4006232: eval_tree (eval.c:1700)
        n1: 848079 0x4006872: eval_tree (eval.c:1844)
         n1: 848079 0x40079EE: eval_tree (eval.c:2209)
          n1: 848079 0x4006ABD: eval_tree (eval.c:1893)
           n1: 848079 0x40079EE: eval_tree (eval.c:2209)
            n1: 848079 0x4006EF7: eval_tree (eval.c:1974)
             n0: 848079 0x4009BCD: main (psi.c:69)
    n0: 65552 in 2 places, all below massif's threshold (1.00%)
   n0: 0 in 1 place, below massif's threshold (1.00%)
 n0: 899597 in 22 places, all below massif's threshold (1.00%)
 n2: 693376 0x4009FE9: pval_add (pval_utils.c:71)
  n2: 693040 0x4009F99: pval_copy (pval_utils.c:56)
   n2: 512720 0x4009F87: pval_copy (pval_utils.c:56)
    n1: 332416 0x4009F87: pval_copy (pval_utils.c:56)
     n0: 332416 in 11 places, all below massif's threshold (1.00%)
    n0: 180304 in 13 places, all below massif's threshold (1.00%)
   n0: 180320 in 16 places, all below massif's threshold (1.00%)
  n0: 336 in 66 places, all below massif's threshold (1.00%)
 n2: 691416 0x400AA77: pval_symbol (pvals.c:95)
  n2: 691296 0x4009E80: pval_copy (pval_utils.c:24)
   n2: 623712 0x4009F87: pval_copy (pval_utils.c:56)
    n2: 473976 0x4009F87: pval_copy (pval_utils.c:56)
     n1: 324288 0x4009F87: pval_copy (pval_utils.c:56)
      n0: 324288 in 8 places, all below massif's threshold (1.00%)
     n0: 149688 in 9 places, all below massif's threshold (1.00%)
    n0: 149736 in 13 places, all below massif's threshold (1.00%)
   n0: 67584 in 16 places, all below massif's threshold (1.00%)
  n0: 120 in 42 places, all below massif's threshold (1.00%)
 n2: 551232 0x400ABB5: empty_list (pvals.c:141)
  n2: 550920 0x4009F62: pval_copy (pval_utils.c:51)
   n1: 338472 0x4009F87: pval_copy (pval_utils.c:56)
    n0: 338472 in 14 places, all below massif's threshold (1.00%)
   n0: 212448 in 20 places, all below massif's threshold (1.00%)
  n0: 312 in 31 places, all below massif's threshold (1.00%)
 n2: 367488 0x400ABD9: empty_list (pvals.c:146)
  n1: 367280 0x4009F62: pval_copy (pval_utils.c:51)
   n0: 367280 in 21 places, all below massif's threshold (1.00%)
  n0: 208 in 31 places, all below massif's threshold (1.00%)
#-----------
snapshot=27
#-----------
time=6699242320
mem_heap_B=19478341
mem_heap_extra_B=11170635
mem_stacks_B=0
heap_tree=detailed
n11: 19478341 (heap allocation functions) malloc/new/new[], --alloc-fns, etc.
 n2: 5532096 0x4001652: create_binding (env.c:91)
  n3: 5530296 0x40015C3: copy_env (env.c:68)
   n2: 3070392 0x40015F8: copy_env (env.c:74)
    n3: 2865912 0x40015F8: copy_env (env.c:74)
     n2: 2131272 0x4006148: eval_tree (eval.c:1685)
      n2: 2131272 0x4005664: eval_tree (eval.c:1490)
       n2: 1967328 0x4006EF7: eval_tree (eval.c:1974)
        n1: 1311552 0x4006232: eval_tree (eval.c:1700)
         n1: 1311552 0x400587E: eval_tree (eval.c:1529)
          n1: 1311552 0x400634E: eval_tree (eval.c:1726)
           n1: 1311552 0x4006232: eval_tree (eval.c:1700)
            n1: 1311552 0x4006872: eval_tree (eval.c:1844)
             n1: 1311552 0x40079EE: eval_tree (eval.c:2209)
              n1: 1311552 0x4006ABD: eval_tree (eval.c:1893)
               n1: 1311552 0x40079EE: eval_tree (eval.c:2209)
                n1: 1311552 0x4006EF7: eval_tree (eval.c:1974)
                 n0: 1311552 0x4009BCD: main (psi.c:69)
        n1: 655776 0x4006EF7: eval_tree (eval.c:1974)
         n1: 655776 0x4006232: eval_tree (eval.c:1700)
          n1: 655776 0x400587E: eval_tree (eval.c:1529)
           n1: 655776 0x400634E: eval_tree (eval.c:1726)
            n1: 655776 0x4006232: eval_tree (eval.c:1700)
             n1: 655776 0x4006872: eval_tree (eval.c:1844)
              n1: 655776 0x40079EE: eval_tree (eval.c:2209)
               n1: 655776 0x4006ABD: eval_tree (eval.c:1893)
                n1: 655776 0x40079EE: eval_tree (eval.c:2209)
                 n1: 655776 0x4006EF7: eval_tree (eval.c:1974)
                  n0: 655776 0x4009BCD: main (psi.c:69)
       n0: 163944 in 1 place, below massif's threshold (1.00%)
      n0: 0 in 2 places, all below massif's threshold (1.00%)
     n2: 376944 0x4005D47: eval_tree (eval.c:1617)
      n2: 376944 0x40079EE: eval_tree (eval.c:2209)
       n2: 376944 0x40079EE: eval_tree (eval.c:2209)
        n1: 376944 0x400549B: eval_tree (eval.c:1461)
         n1: 376944 0x4006EF7: eval_tree (eval.c:1974)
          n1: 376944 0x4006232: eval_tree (eval.c:1700)
           n1: 376944 0x400587E: eval_tree (eval.c:1529)
            n1: 376944 0x400634E: eval_tree (eval.c:1726)
             n1: 376944 0x4006232: eval_tree (eval.c:1700)
              n1: 376944 0x4006872: eval_tree (eval.c:1844)
               n1: 376944 0x40079EE: eval_tree (eval.c:2209)
                n1: 376944 0x4006ABD: eval_tree (eval.c:1893)
                 n1: 376944 0x40079EE: eval_tree (eval.c:2209)
                  n1: 376944 0x4006EF7: eval_tree (eval.c:1974)
                   n0: 376944 0x4009BCD: main (psi.c:69)
        n0: 0 in 1 place, below massif's threshold (1.00%)
       n0: 0 in 3 places, all below massif's threshold (1.00%)
      n0: 0 in 4 places, all below massif's threshold (1.00%)
     n2: 357696 0x40015F8: copy_env (env.c:74)
      n2: 327888 0x40015F8: copy_env (env.c:74)
       n2: 327888 0x4005D47: eval_tree (eval.c:1617)
        n2: 327888 0x40079EE: eval_tree (eval.c:2209)
         n2: 327888 0x40079EE: eval_tree (eval.c:2209)
          n1: 327888 0x400549B: eval_tree (eval.c:1461)
           n1: 327888 0x4006EF7: eval_tree (eval.c:1974)
            n1: 327888 0x4006232: eval_tree (eval.c:1700)
             n1: 327888 0x400587E: eval_tree (eval.c:1529)
              n1: 327888 0x400634E: eval_tree (eval.c:1726)
               n1: 327888 0x4006232: eval_tree (eval.c:1700)
                n1: 327888 0x4006872: eval_tree (eval.c:1844)
                 n1: 327888 0x40079EE: eval_tree (eval.c:2209)
                  n1: 327888 0x4006ABD: eval_tree (eval.c:1893)
                   n1: 327888 0x40079EE: eval_tree (eval.c:2209)
                    n1: 327888 0x4006EF7: eval_tree (eval.c:1974)
                     n0: 327888 0x4009BCD: main (psi.c:69)
          n0: 0 in 1 place, below massif's threshold (1.00%)
         n0: 0 in 3 places, all below massif's threshold (1.00%)
        n0: 0 in 1 place, below massif's threshold (1.00%)
       n0: 0 in 1 place, below massif's threshold (1.00%)
      n0: 29808 in 1 place, below massif's threshold (1.00%)
    n0: 204480 in 2 places, all below massif's threshold (1.00%)
   n2: 2449896 0x4006148: eval_tree (eval.c:1685)
    n2: 2449896 0x4005664: eval_tree (eval.c:1490)
     n3: 2261304 0x4006EF7: eval_tree (eval.c:1974)
      n1: 1508592 0x4006232: eval_tree (eval.c:1700)
       n1: 1508592 0x400587E: eval_tree (eval.c:1529)
        n1: 1508592 0x400634E: eval_tree (eval.c:1726)
         n1: 1508592 0x4006232: eval_tree (eval.c:1700)
          n1: 1508592 0x4006872: eval_tree (eval.c:1844)
           n1: 1508592 0x40079EE: eval_tree (eval.c:2209)
            n1: 1508592 0x4006ABD: eval_tree (eval.c:1893)
             n1: 1508592 0x40079EE: eval_tree (eval.c:2209)
              n1: 1508592 0x4006EF7: eval_tree (eval.c:1974)
               n0: 1508592 0x4009BCD: main (psi.c:69)
      n1: 751920 0x4006EF7: eval_tree (eval.c:1974)
       n1: 751920 0x4006232: eval_tree (eval.c:1700)
        n1: 751920 0x400587E: eval_tree (eval.c:1529)
         n1: 751920 0x400634E: eval_tree (eval.c:1726)
          n1: 751920 0x4006232: eval_tree (eval.c:1700)
           n1: 751920 0x4006872: eval_tree (eval.c:1844)
            n1: 751920 0x40079EE: eval_tree (eval.c:2209)
             n1: 751920 0x4006ABD: eval_tree (eval.c:1893)
              n1: 751920 0x40079EE: eval_tree (eval.c:2209)
               n1: 751920 0x4006EF7: eval_tree (eval.c:1974)
                n0: 751920 0x4009BCD: main (psi.c:69)
      n0: 792 in 1 place, below massif's threshold (1.00%)
     n0: 188592 in 1 place, below massif's threshold (1.00%)
    n0: 0 in 2 places, all below massif's threshold (1.00%)
   n0: 10008 in 1 place, below massif's threshold (1.00%)
  n0: 1800 in 37 places, all below massif's threshold (1.00%)
 n1: 4551767 0x400860C: lex (lexer.c:292)
  n2: 4551767 0x4004CF1: parse_help (eval.c:1281)
   n2: 4551767 0x4006EA4: eval_tree (eval.c:1965)
    n1: 4248589 0x4006232: eval_tree (eval.c:1700)
     n1: 4248589 0x400587E: eval_tree (eval.c:1529)
      n1: 4248589 0x400634E: eval_tree (eval.c:1726)
       n1: 4248589 0x4006232: eval_tree (eval.c:1700)
        n1: 4248589 0x4006872: eval_tree (eval.c:1844)
         n1: 4248589 0x40079EE: eval_tree (eval.c:2209)
          n1: 4248589 0x4006ABD: eval_tree (eval.c:1893)
           n1: 4248589 0x40079EE: eval_tree (eval.c:2209)
            n1: 4248589 0x4006EF7: eval_tree (eval.c:1974)
             n0: 4248589 0x4009BCD: main (psi.c:69)
    n0: 303178 in 2 places, all below massif's threshold (1.00%)
   n0: 0 in 1 place, below massif's threshold (1.00%)
 n1: 2630274 0x400826D: lex (lexer.c:219)
  n2: 2630274 0x4004CF1: parse_help (eval.c:1281)
   n2: 2630274 0x4006EA4: eval_tree (eval.c:1965)
    n1: 2589304 0x4006232: eval_tree (eval.c:1700)
     n1: 2589304 0x400587E: eval_tree (eval.c:1529)
      n1: 2589304 0x400634E: eval_tree (eval.c:1726)
       n1: 2589304 0x4006232: eval_tree (eval.c:1700)
        n1: 2589304 0x4006872: eval_tree (eval.c:1844)
         n1: 2589304 0x40079EE: eval_tree (eval.c:2209)
          n1: 2589304 0x4006ABD: eval_tree (eval.c:1893)
           n1: 2589304 0x40079EE: eval_tree (eval.c:2209)
            n1: 2589304 0x4006EF7: eval_tree (eval.c:1974)
             n0: 2589304 0x4009BCD: main (psi.c:69)
    n0: 40970 in 2 places, all below massif's threshold (1.00%)
   n0: 0 in 1 place, below massif's threshold (1.00%)
 n2: 1486068 0x4927BEE: strdup (strdup.c:42)
  n2: 1366496 0x4001662: create_binding (env.c:93)
   n3: 1366043 0x40015C3: copy_env (env.c:68)
    n2: 735971 0x4006148: eval_tree (eval.c:1685)
     n2: 735971 0x4005664: eval_tree (eval.c:1490)
      n2: 679318 0x4006EF7: eval_tree (eval.c:1974)
       n1: 453225 0x4006232: eval_tree (eval.c:1700)
        n1: 453225 0x400587E: eval_tree (eval.c:1529)
         n1: 453225 0x400634E: eval_tree (eval.c:1726)
          n1: 453225 0x4006232: eval_tree (eval.c:1700)
           n1: 453225 0x4006872: eval_tree (eval.c:1844)
            n1: 453225 0x40079EE: eval_tree (eval.c:2209)
             n1: 453225 0x4006ABD: eval_tree (eval.c:1893)
              n1: 453225 0x40079EE: eval_tree (eval.c:2209)
               n1: 453225 0x4006EF7: eval_tree (eval.c:1974)
                n0: 453225 0x4009BCD: main (psi.c:69)
       n0: 226093 in 2 places, all below massif's threshold (1.00%)
      n0: 56653 in 1 place, below massif's threshold (1.00%)
     n0: 0 in 2 places, all below massif's threshold (1.00%)
    n2: 627976 0x40015F8: copy_env (env.c:74)
     n2: 552490 0x40015F8: copy_env (env.c:74)
      n2: 371358 0x4006148: eval_tree (eval.c:1685)
       n2: 371358 0x4005664: eval_tree (eval.c:1490)
        n1: 342792 0x4006EF7: eval_tree (eval.c:1974)
         n0: 342792 in 2 places, all below massif's threshold (1.00%)
        n0: 28566 in 1 place, below massif's threshold (1.00%)
       n0: 0 in 2 places, all below massif's threshold (1.00%)
      n0: 181132 in 2 places, all below massif's threshold (1.00%)
     n0: 75486 in 2 places, all below massif's threshold (1.00%)
    n0: 2096 in 1 place, below massif's threshold (1.00%)
   n0: 453 in 37 places, all below massif's threshold (1.00%)
  n0: 119572 in 2 places, all below massif's threshold (1.00%)
 n2: 1072248 0x400A9EB: pval_number (pvals.c:73)
  n2: 1072200 0x4009E60: pval_copy (pval_utils.c:20)
   n2: 967344 0x40015AE: copy_env (env.c:68)
    n2: 773568 0x4006148: eval_tree (eval.c:1685)
     n2: 773568 0x4005664: eval_tree (eval.c:1490)
      n2: 713952 0x4006EF7: eval_tree (eval.c:1974)
       n1: 476640 0x4006232: eval_tree (eval.c:1700)
        n1: 476640 0x400587E: eval_tree (eval.c:1529)
         n1: 476640 0x400634E: eval_tree (eval.c:1726)
          n1: 476640 0x4006232: eval_tree (eval.c:1700)
           n1: 476640 0x4006872: eval_tree (eval.c:1844)
            n1: 476640 0x40079EE: eval_tree (eval.c:2209)
             n1: 476640 0x4006ABD: eval_tree (eval.c:1893)
              n1: 476640 0x40079EE: eval_tree (eval.c:2209)
               n1: 476640 0x4006EF7: eval_tree (eval.c:1974)
                n0: 476640 0x4009BCD: main (psi.c:69)
       n0: 237312 in 1 place, below massif's threshold (1.00%)
      n0: 59616 in 1 place, below massif's threshold (1.00%)
     n0: 0 in 2 places, all below massif's threshold (1.00%)
    n0: 193776 in 2 places, all below massif's threshold (1.00%)
   n0: 104856 in 21 places, all below massif's threshold (1.00%)
  n0: 48 in 14 places, all below massif's threshold (1.00%)
 n0: 920153 in 22 places, all below massif's threshold (1.00%)
 n1: 913631 0x400874C: lex (lexer.c:321)
  n2: 913631 0x4004CF1: parse_help (eval.c:1281)
   n2: 913631 0x4006EA4: eval_tree (eval.c:1965)
    n1: 848079 0x4006232: eval_tree (eval.c:1700)
     n1: 848079 0x400587E: eval_tree (eval.c:1529)
      n1: 848079 0x400634E: eval_tree (eval.c:1726)
       n1: 848079 0x4006232: eval_tree (eval.c:1700)
        n1: 848079 0x4006872: eval_tree (eval.c:1844)
         n1: 848079 0x40079EE: eval_tree (eval.c:2209)
          n1: 848079 0x4006ABD: eval_tree (eval.c:1893)
           n1: 848079 0x40079EE: eval_tree (eval.c:2209)
            n1: 848079 0x4006EF7: eval_tree (eval.c:1974)
             n0: 848079 0x4009BCD: main (psi.c:69)
    n0: 65552 in 2 places, all below massif's threshold (1.00%)
   n0: 0 in 1 place, below massif's threshold (1.00%)
 n2: 714016 0x4009FE9: pval_add (pval_utils.c:71)
  n2: 713680 0x4009F99: pval_copy (pval_utils.c:56)
   n2: 527984 0x4009F87: pval_copy (pval_utils.c:56)
    n1: 342304 0x4009F87: pval_copy (pval_utils.c:56)
     n0: 342304 in 11 places, all below massif's threshold (1.00%)
    n0: 185680 in 13 places, all below massif's threshold (1.00%)
   n0: 185696 in 16 places, all below massif's threshold (1.00%)
  n0: 336 in 66 places, all below massif's threshold (1.00%)
 n2: 712008 0x400AA77: pval_symbol (pvals.c:95)
  n2: 711888 0x4009E80: pval_copy (pval_utils.c:24)
   n2: 642288 0x4009F87: pval_copy (pval_utils.c:56)
    n2: 488088 0x4009F87: pval_copy (pval_utils.c:56)
     n1: 333936 0x4009F87: pval_copy (pval_utils.c:56)
      n0: 333936 in 8 places, all below massif's threshold (1.00%)
     n0: 154152 in 9 places, all below massif's threshold (1.00%)
    n0: 154200 in 13 places, all below massif's threshold (1.00%)
   n0: 69600 in 16 places, all below massif's threshold (1.00%)
  n0: 120 in 42 places, all below massif's threshold (1.00%)
 n2: 567648 0x400ABB5: empty_list (pvals.c:141)
  n2: 567336 0x4009F62: pval_copy (pval_utils.c:51)
   n1: 348552 0x4009F87: pval_copy (pval_utils.c:56)
    n0: 348552 in 14 places, all below massif's threshold (1.00%)
   n0: 218784 in 20 places, all below massif's threshold (1.00%)
  n0: 312 in 31 places, all below massif's threshold (1.00%)
 n2: 378432 0x400ABD9: empty_list (pvals.c:146)
  n1: 378224 0x4009F62: pval_copy (pval_utils.c:51)
   n0: 378224 in 21 places, all below massif's threshold (1.00%)
  n0: 208 in 31 places, all below massif's threshold (1.00%)
#-----------
snapshot=28
#-----------
time=6893319008
mem_heap_B=19802095
mem_heap_extra_B=11489521
mem_stacks_B=0
heap_tree=detailed
n11: 19802095 (heap allocation functions) malloc/new/new[], --alloc-fns, etc.
 n2: 5692512 0x4001652: create_binding (env.c:91)
  n3: 5690712 0x40015C3: copy_env (env.c:68)
   n2: 3159384 0x40015F8: copy_env (env.c:74)
    n3: 2949000 0x40015F8: copy_env (env.c:74)
     n2: 2193048 0x4006148: eval_tree (eval.c:1685)
      n2: 2193048 0x4005664: eval_tree (eval.c:1490)
       n2: 2024352 0x4006EF7: eval_tree (eval.c:1974)
        n1: 1349568 0x4006232: eval_tree (eval.c:1700)
         n1: 1349568 0x400587E: eval_tree (eval.c:1529)
          n1: 1349568 0x400634E: eval_tree (eval.c:1726)
           n1: 1349568 0x4006232: eval_tree (eval.c:1700)
            n1: 1349568 0x4006872: eval_tree (eval.c:1844)
             n1: 1349568 0x40079EE: eval_tree (eval.c:2209)
              n1: 1349568 0x4006ABD: eval_tree (eval.c:1893)
               n1: 1349568 0x40079EE: eval_tree (eval.c:2209)
                n1: 1349568 0x4006EF7: eval_tree (eval.c:1974)
                 n0: 1349568 0x4009BCD: main (psi.c:69)
        n1: 674784 0x4006EF7: eval_tree (eval.c:1974)
         n1: 674784 0x4006232: eval_tree (eval.c:1700)
          n1: 674784 0x400587E: eval_tree (eval.c:1529)
           n1: 674784 0x400634E: eval_tree (eval.c:1726)
            n1: 674784 0x4006232: eval_tree (eval.c:1700)
             n1: 674784 0x4006872: eval_tree (eval.c:1844)
              n1: 674784 0x40079EE: eval_tree (eval.c:2209)
               n1: 674784 0x4006ABD: eval_tree (eval.c:1893)
                n1: 674784 0x40079EE: eval_tree (eval.c:2209)
                 n1: 674784 0x4006EF7: eval_tree (eval.c:1974)
                  n0: 674784 0x4009BCD: main (psi.c:69)
       n0: 168696 in 1 place, below massif's threshold (1.00%)
      n0: 0 in 2 places, all below massif's threshold (1.00%)
     n2: 387888 0x4005D47: eval_tree (eval.c:1617)
      n2: 387888 0x40079EE: eval_tree (eval.c:2209)
       n2: 387888 0x40079EE: eval_tree (eval.c:2209)
        n1: 387888 0x400549B: eval_tree (eval.c:1461)
         n1: 387888 0x4006EF7: eval_tree (eval.c:1974)
          n1: 387888 0x4006232: eval_tree (eval.c:1700)
           n1: 387888 0x400587E: eval_tree (eval.c:1529)
            n1: 387888 0x400634E: eval_tree (eval.c:1726)
             n1: 387888 0x4006232: eval_tree (eval.c:1700)
              n1: 387888 0x4006872: eval_tree (eval.c:1844)
               n1: 387888 0x40079EE: eval_tree (eval.c:2209)
                n1: 387888 0x4006ABD: eval_tree (eval.c:1893)
                 n1: 387888 0x40079EE: eval_tree (eval.c:2209)
                  n1: 387888 0x4006EF7: eval_tree (eval.c:1974)
                   n0: 387888 0x4009BCD: main (psi.c:69)
        n0: 0 in 1 place, below massif's threshold (1.00%)
       n0: 0 in 3 places, all below massif's threshold (1.00%)
      n0: 0 in 4 places, all below massif's threshold (1.00%)
     n2: 368064 0x40015F8: copy_env (env.c:74)
      n2: 337392 0x40015F8: copy_env (env.c:74)
       n2: 337392 0x4005D47: eval_tree (eval.c:1617)
        n2: 337392 0x40079EE: eval_tree (eval.c:2209)
         n2: 337392 0x40079EE: eval_tree (eval.c:2209)
          n1: 337392 0x400549B: eval_tree (eval.c:1461)
           n1: 337392 0x4006EF7: eval_tree (eval.c:1974)
            n1: 337392 0x4006232: eval_tree (eval.c:1700)
             n1: 337392 0x400587E: eval_tree (eval.c:1529)
              n1: 337392 0x400634E: eval_tree (eval.c:1726)
               n1: 337392 0x4006232: eval_tree (eval.c:1700)
                n1: 337392 0x4006872: eval_tree (eval.c:1844)
                 n1: 337392 0x40079EE: eval_tree (eval.c:2209)
                  n1: 337392 0x4006ABD: eval_tree (eval.c:1893)
                   n1: 337392 0x40079EE: eval_tree (eval.c:2209)
                    n1: 337392 0x4006EF7: eval_tree (eval.c:1974)
                     n0: 337392 0x4009BCD: main (psi.c:69)
          n0: 0 in 1 place, below massif's threshold (1.00%)
         n0: 0 in 3 places, all below massif's threshold (1.00%)
        n0: 0 in 1 place, below massif's threshold (1.00%)
       n0: 0 in 1 place, below massif's threshold (1.00%)
      n0: 30672 in 1 place, below massif's threshold (1.00%)
    n0: 210384 in 2 places, all below massif's threshold (1.00%)
   n2: 2521032 0x4006148: eval_tree (eval.c:1685)
    n2: 2521032 0x4005664: eval_tree (eval.c:1490)
     n3: 2326968 0x4006EF7: eval_tree (eval.c:1974)
      n1: 1552368 0x4006232: eval_tree (eval.c:1700)
       n1: 1552368 0x400587E: eval_tree (eval.c:1529)
        n1: 1552368 0x400634E: eval_tree (eval.c:1726)
         n1: 1552368 0x4006232: eval_tree (eval.c:1700)
          n1: 1552368 0x4006872: eval_tree (eval.c:1844)
           n1: 1552368 0x40079EE: eval_tree (eval.c:2209)
            n1: 1552368 0x4006ABD: eval_tree (eval.c:1893)
             n1: 1552368 0x40079EE: eval_tree (eval.c:2209)
              n1: 1552368 0x4006EF7: eval_tree (eval.c:1974)
               n0: 1552368 0x4009BCD: main (psi.c:69)
      n1: 773808 0x4006EF7: eval_tree (eval.c:1974)
       n1: 773808 0x4006232: eval_tree (eval.c:1700)
        n1: 773808 0x400587E: eval_tree (eval.c:1529)
         n1: 773808 0x400634E: eval_tree (eval.c:1726)
          n1: 773808 0x4006232: eval_tree (eval.c:1700)
           n1: 773808 0x4006872: eval_tree (eval.c:1844)
            n1: 773808 0x40079EE: eval_tree (eval.c:2209)
             n1: 773808 0x4006ABD: eval_tree (eval.c:1893)
              n1: 773808 0x40079EE: eval_tree (eval.c:2209)
               n1: 773808 0x4006EF7: eval_tree (eval.c:1974)
                n0: 773808 0x4009BCD: main (psi.c:69)
      n0: 792 in 1 place, below massif's threshold (1.00%)
     n0: 194064 in 1 place, below massif's threshold (1.00%)
    n0: 0 in 2 places, all below massif's threshold (1.00%)
   n0: 10296 in 1 place, below massif's threshold (1.00%)
  n0: 1800 in 37 places, all below massif's threshold (1.00%)
 n1: 4551767 0x400860C: lex (lexer.c:292)
  n2: 4551767 0x4004CF1: parse_help (eval.c:1281)
   n2: 4551767 0x4006EA4: eval_tree (eval.c:1965)
    n1: 4248589 0x4006232: eval_tree (eval.c:1700)
     n1: 4248589 0x400587E: eval_tree (eval.c:1529)
      n1: 4248589 0x400634E: eval_tree (eval.c:1726)
       n1: 4248589 0x4006232: eval_tree (eval.c:1700)
        n1: 4248589 0x4006872: eval_tree (eval.c:1844)
         n1: 4248589 0x40079EE: eval_tree (eval.c:2209)
          n1: 4248589 0x4006ABD: eval_tree (eval.c:1893)
           n1: 4248589 0x40079EE: eval_tree (eval.c:2209)
            n1: 4248589 0x4006EF7: eval_tree (eval.c:1974)
             n0: 4248589 0x4009BCD: main (psi.c:69)
    n0: 303178 in 2 places, all below massif's threshold (1.00%)
   n0: 0 in 1 place, below massif's threshold (1.00%)
 n1: 2630274 0x400826D: lex (lexer.c:219)
  n2: 2630274 0x4004CF1: parse_help (eval.c:1281)
   n2: 2630274 0x4006EA4: eval_tree (eval.c:1965)
    n1: 2589304 0x4006232: eval_tree (eval.c:1700)
     n1: 2589304 0x400587E: eval_tree (eval.c:1529)
      n1: 2589304 0x400634E: eval_tree (eval.c:1726)
       n1: 2589304 0x4006232: eval_tree (eval.c:1700)
        n1: 2589304 0x4006872: eval_tree (eval.c:1844)
         n1: 2589304 0x40079EE: eval_tree (eval.c:2209)
          n1: 2589304 0x4006ABD: eval_tree (eval.c:1893)
           n1: 2589304 0x40079EE: eval_tree (eval.c:2209)
            n1: 2589304 0x4006EF7: eval_tree (eval.c:1974)
             n0: 2589304 0x4009BCD: main (psi.c:69)
    n0: 40970 in 2 places, all below massif's threshold (1.00%)
   n0: 0 in 1 place, below massif's threshold (1.00%)
 n2: 1529154 0x4927BEE: strdup (strdup.c:42)
  n2: 1406132 0x4001662: create_binding (env.c:93)
   n3: 1405679 0x40015C3: copy_env (env.c:68)
    n2: 757343 0x4006148: eval_tree (eval.c:1685)
     n2: 757343 0x4005664: eval_tree (eval.c:1490)
      n2: 699046 0x4006EF7: eval_tree (eval.c:1974)
       n1: 466377 0x4006232: eval_tree (eval.c:1700)
        n1: 466377 0x400587E: eval_tree (eval.c:1529)
         n1: 466377 0x400634E: eval_tree (eval.c:1726)
          n1: 466377 0x4006232: eval_tree (eval.c:1700)
           n1: 466377 0x4006872: eval_tree (eval.c:1844)
            n1: 466377 0x40079EE: eval_tree (eval.c:2209)
             n1: 466377 0x4006ABD: eval_tree (eval.c:1893)
              n1: 466377 0x40079EE: eval_tree (eval.c:2209)
               n1: 466377 0x4006EF7: eval_tree (eval.c:1974)
                n0: 466377 0x4009BCD: main (psi.c:69)
       n0: 232669 in 2 places, all below massif's threshold (1.00%)
      n0: 58297 in 1 place, below massif's threshold (1.00%)
     n0: 0 in 2 places, all below massif's threshold (1.00%)
    n2: 646180 0x40015F8: copy_env (env.c:74)
     n2: 568510 0x40015F8: copy_env (env.c:74)
      n2: 382122 0x4006148: eval_tree (eval.c:1685)
       n2: 382122 0x4005664: eval_tree (eval.c:1490)
        n1: 352728 0x4006EF7: eval_tree (eval.c:1974)
         n0: 352728 in 2 places, all below massif's threshold (1.00%)
        n0: 29394 in 1 place, below massif's threshold (1.00%)
       n0: 0 in 2 places, all below massif's threshold (1.00%)
      n0: 186388 in 2 places, all below massif's threshold (1.00%)
     n0: 77670 in 2 places, all below massif's threshold (1.00%)
    n0: 2156 in 1 place, below massif's threshold (1.00%)
   n0: 453 in 37 places, all below massif's threshold (1.00%)
  n0: 123022 in 2 places, all below massif's threshold (1.00%)
 n2: 1103352 0x400A9EB: pval_number (pvals.c:73)
  n2: 1103304 0x4009E60: pval_copy (pval_utils.c:20)
   n2: 995424 0x40015AE: copy_env (env.c:68)
    n2: 796032 0x4006148: eval_tree (eval.c:1685)
     n2: 796032 0x4005664: eval_tree (eval.c:1490)
      n2: 734688 0x4006EF7: eval_tree (eval.c:1974)
       n1: 490464 0x4006232: eval_tree (eval.c:1700)
        n1: 490464 0x400587E: eval_tree (eval.c:1529)
         n1: 490464 0x400634E: eval_tree (eval.c:1726)
          n1: 490464 0x4006232: eval_tree (eval.c:1700)
           n1: 490464 0x4006872: eval_tree (eval.c:1844)
            n1: 490464 0x40079EE: eval_tree (eval.c:2209)
             n1: 490464 0x4006ABD: eval_tree (eval.c:1893)
              n1: 490464 0x40079EE: eval_tree (eval.c:2209)
               n1: 490464 0x4006EF7: eval_tree (eval.c:1974)
                n0: 490464 0x4009BCD: main (psi.c:69)
       n0: 244224 in 1 place, below massif's threshold (1.00%)
      n0: 61344 in 1 place, below massif's threshold (1.00%)
     n0: 0 in 2 places, all below massif's threshold (1.00%)
    n0: 199392 in 2 places, all below massif's threshold (1.00%)
   n0: 107880 in 21 places, all below massif's threshold (1.00%)
  n0: 48 in 14 places, all below massif's threshold (1.00%)
 n0: 940709 in 22 places, all below massif's threshold (1.00%)
 n1: 913631 0x400874C: lex (lexer.c:321)
  n2: 913631 0x4004CF1: parse_help (eval.c:1281)
   n2: 913631 0x4006EA4: eval_tree (eval.c:1965)
    n1: 848079 0x4006232: eval_tree (eval.c:1700)
     n1: 848079 0x400587E: eval_tree (eval.c:1529)
      n1: 848079 0x400634E: eval_tree (eval.c:1726)
       n1: 848079 0x4006232: eval_tree (eval.c:1700)
        n1: 848079 0x4006872: eval_tree (eval.c:1844)
         n1: 848079 0x40079EE: eval_tree (eval.c:2209)
          n1: 848079 0x4006ABD: eval_tree (eval.c:1893)
           n1: 848079 0x40079EE: eval_tree (eval.c:2209)
            n1: 848079 0x4006EF7: eval_tree (eval.c:1974)
             n0: 848079 0x4009BCD: main (psi.c:69)
    n0: 65552 in 2 places, all below massif's threshold (1.00%)
   n0: 0 in 1 place, below massif's threshold (1.00%)
 n2: 734656 0x4009FE9: pval_add (pval_utils.c:71)
  n2: 734320 0x4009F99: pval_copy (pval_utils.c:56)
   n2: 543248 0x4009F87: pval_copy (pval_utils.c:56)
    n1: 352192 0x4009F87: pval_copy (pval_utils.c:56)
     n0: 352192 in 11 places, all below massif's threshold (1.00%)
    n0: 191056 in 13 places, all below massif's threshold (1.00%)
   n0: 191072 in 16 places, all below massif's threshold (1.00%)
  n0: 336 in 66 places, all below massif's threshold (1.00%)
 n2: 732600 0x400AA77: pval_symbol (pvals.c:95)
  n2: 732480 0x4009E80: pval_copy (pval_utils.c:24)
   n2: 660864 0x4009F87: pval_copy (pval_utils.c:56)
    n2: 502200 0x4009F87: pval_copy (pval_utils.c:56)
     n1: 343584 0x4009F87: pval_copy (pval_utils.c:56)
      n0: 343584 in 8 places, all below massif's threshold (1.00%)
     n0: 158616 in 9 places, all below massif's threshold (1.00%)
    n0: 158664 in 13 places, all below massif's threshold (1.00%)
   n0: 71616 in 16 places, all below massif's threshold (1.00%)
  n0: 120 in 42 places, all below massif's threshold (1.00%)
 n2: 584064 0x400ABB5: empty_list (pvals.c:141)
  n2: 583752 0x4009F62: pval_copy (pval_utils.c:51)
   n1: 358632 0x4009F87: pval_copy (pval_utils.c:56)
    n0: 358632 in 14 places, all below massif's threshold (1.00%)
   n0: 225120 in 20 places, all below massif's threshold (1.00%)
  n0: 312 in 31 places, all below massif's threshold (1.00%)
 n2: 389376 0x400ABD9: empty_list (pvals.c:146)
  n1: 389168 0x4009F62: pval_copy (pval_utils.c:51)
   n0: 389168 in 21 places, all below massif's threshold (1.00%)
  n0: 208 in 31 places, all below massif's threshold (1.00%)
#-----------
snapshot=29
#-----------
time=7152007912
mem_heap_B=20221155
mem_heap_extra_B=11913893
mem_stacks_B=0
heap_tree=empty
#-----------
snapshot=30
#-----------
time=7346016152
mem_heap_B=20557324
mem_heap_extra_B=12232428
mem_stacks_B=0
heap_tree=empty
#-----------
snapshot=31
#-----------
time=7643930184
mem_heap_B=20929549
mem_heap_extra_B=12854251
mem_stacks_B=0
heap_tree=empty
#-----------
snapshot=32
#-----------
time=7992805384
mem_heap_B=21636504
mem_heap_extra_B=13292112
mem_stacks_B=0
heap_tree=empty
#-----------
snapshot=33
#-----------
time=8219157552
mem_heap_B=21997534
mem_heap_extra_B=13662834
mem_stacks_B=0
heap_tree=empty
#-----------
snapshot=34
#-----------
time=8380849168
mem_heap_B=22284209
mem_heap_extra_B=13928575
mem_stacks_B=0
heap_tree=detailed
n11: 22284209 (heap allocation functions) malloc/new/new[], --alloc-fns, etc.
 n2: 6922368 0x4001652: create_binding (env.c:91)
  n3: 6920568 0x40015C3: copy_env (env.c:68)
   n2: 3841656 0x40015F8: copy_env (env.c:74)
    n3: 3586008 0x40015F8: copy_env (env.c:74)
     n2: 2666664 0x4006148: eval_tree (eval.c:1685)
      n2: 2666664 0x4005664: eval_tree (eval.c:1490)
       n2: 2461536 0x4006EF7: eval_tree (eval.c:1974)
        n1: 1641024 0x4006232: eval_tree (eval.c:1700)
         n1: 1641024 0x400587E: eval_tree (eval.c:1529)
          n1: 1641024 0x400634E: eval_tree (eval.c:1726)
           n1: 1641024 0x4006232: eval_tree (eval.c:1700)
            n1: 1641024 0x4006872: eval_tree (eval.c:1844)
             n1: 1641024 0x40079EE: eval_tree (eval.c:2209)
              n1: 1641024 0x4006ABD: eval_tree (eval.c:1893)
               n1: 1641024 0x40079EE: eval_tree (eval.c:2209)
                n1: 1641024 0x4006EF7: eval_tree (eval.c:1974)
                 n0: 1641024 0x4009BCD: main (psi.c:69)
        n1: 820512 0x4006EF7: eval_tree (eval.c:1974)
         n1: 820512 0x4006232: eval_tree (eval.c:1700)
          n1: 820512 0x400587E: eval_tree (eval.c:1529)
           n1: 820512 0x400634E: eval_tree (eval.c:1726)
            n1: 820512 0x4006232: eval_tree (eval.c:1700)
             n1: 820512 0x4006872: eval_tree (eval.c:1844)
              n1: 820512 0x40079EE: eval_tree (eval.c:2209)
               n1: 820512 0x4006ABD: eval_tree (eval.c:1893)
                n1: 820512 0x40079EE: eval_tree (eval.c:2209)
                 n1: 820512 0x4006EF7: eval_tree (eval.c:1974)
                  n0: 820512 0x4009BCD: main (psi.c:69)
       n0: 205128 in 1 place, below massif's threshold (1.00%)
      n0: 0 in 2 places, all below massif's threshold (1.00%)
     n2: 471792 0x4005D47: eval_tree (eval.c:1617)
      n2: 471792 0x40079EE: eval_tree (eval.c:2209)
       n2: 471792 0x40079EE: eval_tree (eval.c:2209)
        n1: 471792 0x400549B: eval_tree (eval.c:1461)
         n1: 471792 0x4006EF7: eval_tree (eval.c:1974)
          n1: 471792 0x4006232: eval_tree (eval.c:1700)
           n1: 471792 0x400587E: eval_tree (eval.c:1529)
            n1: 471792 0x400634E: eval_tree (eval.c:1726)
             n1: 471792 0x4006232: eval_tree (eval.c:1700)
              n1: 471792 0x4006872: eval_tree (eval.c:1844)
               n1: 471792 0x40079EE: eval_tree (eval.c:2209)
                n1: 471792 0x4006ABD: eval_tree (eval.c:1893)
                 n1: 471792 0x40079EE: eval_tree (eval.c:2209)
                  n1: 471792 0x4006EF7: eval_tree (eval.c:1974)
                   n0: 471792 0x4009BCD: main (psi.c:69)
        n0: 0 in 1 place, below massif's threshold (1.00%)
       n0: 0 in 3 places, all below massif's threshold (1.00%)
      n0: 0 in 4 places, all below massif's threshold (1.00%)
     n2: 447552 0x40015F8: copy_env (env.c:74)
      n2: 410256 0x40015F8: copy_env (env.c:74)
       n2: 410256 0x4005D47: eval_tree (eval.c:1617)
        n2: 410256 0x40079EE: eval_tree (eval.c:2209)
         n2: 410256 0x40079EE: eval_tree (eval.c:2209)
          n1: 410256 0x400549B: eval_tree (eval.c:1461)
           n1: 410256 0x4006EF7: eval_tree (eval.c:1974)
            n1: 410256 0x4006232: eval_tree (eval.c:1700)
             n1: 410256 0x400587E: eval_tree (eval.c:1529)
              n1: 410256 0x400634E: eval_tree (eval.c:1726)
               n1: 410256 0x4006232: eval_tree (eval.c:1700)
                n1: 410256 0x4006872: eval_tree (eval.c:1844)
                 n1: 410256 0x40079EE: eval_tree (eval.c:2209)
                  n1: 410256 0x4006ABD: eval_tree (eval.c:1893)
                   n1: 410256 0x40079EE: eval_tree (eval.c:2209)
                    n1: 410256 0x4006EF7: eval_tree (eval.c:1974)
                     n0: 410256 0x4009BCD: main (psi.c:69)
          n0: 0 in 1 place, below massif's threshold (1.00%)
         n0: 0 in 3 places, all below massif's threshold (1.00%)
        n0: 0 in 1 place, below massif's threshold (1.00%)
       n0: 0 in 1 place, below massif's threshold (1.00%)
      n0: 37296 in 1 place, below massif's threshold (1.00%)
    n0: 255648 in 2 places, all below massif's threshold (1.00%)
   n2: 3066408 0x4006148: eval_tree (eval.c:1685)
    n2: 3066408 0x4005664: eval_tree (eval.c:1490)
     n3: 2830392 0x4006EF7: eval_tree (eval.c:1974)
      n1: 1887984 0x4006232: eval_tree (eval.c:1700)
       n1: 1887984 0x400587E: eval_tree (eval.c:1529)
        n1: 1887984 0x400634E: eval_tree (eval.c:1726)
         n1: 1887984 0x4006232: eval_tree (eval.c:1700)
          n1: 1887984 0x4006872: eval_tree (eval.c:1844)
           n1: 1887984 0x40079EE: eval_tree (eval.c:2209)
            n1: 1887984 0x4006ABD: eval_tree (eval.c:1893)
             n1: 1887984 0x40079EE: eval_tree (eval.c:2209)
              n1: 1887984 0x4006EF7: eval_tree (eval.c:1974)
               n0: 1887984 0x4009BCD: main (psi.c:69)
      n1: 941616 0x4006EF7: eval_tree (eval.c:1974)
       n1: 941616 0x4006232: eval_tree (eval.c:1700)
        n1: 941616 0x400587E: eval_tree (eval.c:1529)
         n1: 941616 0x400634E: eval_tree (eval.c:1726)
          n1: 941616 0x4006232: eval_tree (eval.c:1700)
           n1: 941616 0x4006872: eval_tree (eval.c:1844)
            n1: 941616 0x40079EE: eval_tree (eval.c:2209)
             n1: 941616 0x4006ABD: eval_tree (eval.c:1893)
              n1: 941616 0x40079EE: eval_tree (eval.c:2209)
               n1: 941616 0x4006EF7: eval_tree (eval.c:1974)
                n0: 941616 0x4009BCD: main (psi.c:69)
      n0: 792 in 1 place, below massif's threshold (1.00%)
     n0: 236016 in 1 place, below massif's threshold (1.00%)
    n0: 0 in 2 places, all below massif's threshold (1.00%)
   n0: 12504 in 1 place, below massif's threshold (1.00%)
  n0: 1800 in 37 places, all below massif's threshold (1.00%)
 n1: 4551767 0x400860C: lex (lexer.c:292)
  n2: 4551767 0x4004CF1: parse_help (eval.c:1281)
   n2: 4551767 0x4006EA4: eval_tree (eval.c:1965)
    n1: 4248589 0x4006232: eval_tree (eval.c:1700)
     n1: 4248589 0x400587E: eval_tree (eval.c:1529)
      n1: 4248589 0x400634E: eval_tree (eval.c:1726)
       n1: 4248589 0x4006232: eval_tree (eval.c:1700)
        n1: 4248589 0x4006872: eval_tree (eval.c:1844)
         n1: 4248589 0x40079EE: eval_tree (eval.c:2209)
          n1: 4248589 0x4006ABD: eval_tree (eval.c:1893)
           n1: 4248589 0x40079EE: eval_tree (eval.c:2209)
            n1: 4248589 0x4006EF7: eval_tree (eval.c:1974)
             n0: 4248589 0x4009BCD: main (psi.c:69)
    n0: 303178 in 2 places, all below massif's threshold (1.00%)
   n0: 0 in 1 place, below massif's threshold (1.00%)
 n1: 2630274 0x400826D: lex (lexer.c:219)
  n2: 2630274 0x4004CF1: parse_help (eval.c:1281)
   n2: 2630274 0x4006EA4: eval_tree (eval.c:1965)
    n1: 2589304 0x4006232: eval_tree (eval.c:1700)
     n1: 2589304 0x400587E: eval_tree (eval.c:1529)
      n1: 2589304 0x400634E: eval_tree (eval.c:1726)
       n1: 2589304 0x4006232: eval_tree (eval.c:1700)
        n1: 2589304 0x4006872: eval_tree (eval.c:1844)
         n1: 2589304 0x40079EE: eval_tree (eval.c:2209)
          n1: 2589304 0x4006ABD: eval_tree (eval.c:1893)
           n1: 2589304 0x40079EE: eval_tree (eval.c:2209)
            n1: 2589304 0x4006EF7: eval_tree (eval.c:1974)
             n0: 2589304 0x4009BCD: main (psi.c:69)
    n0: 40970 in 2 places, all below massif's threshold (1.00%)
   n0: 0 in 1 place, below massif's threshold (1.00%)
 n2: 1859480 0x4927BEE: strdup (strdup.c:42)
  n2: 1710008 0x4001662: create_binding (env.c:93)
   n3: 1709555 0x40015C3: copy_env (env.c:68)
    n2: 921195 0x4006148: eval_tree (eval.c:1685)
     n2: 921195 0x4005664: eval_tree (eval.c:1490)
      n2: 850294 0x4006EF7: eval_tree (eval.c:1974)
       n1: 567209 0x4006232: eval_tree (eval.c:1700)
        n1: 567209 0x400587E: eval_tree (eval.c:1529)
         n1: 567209 0x400634E: eval_tree (eval.c:1726)
          n1: 567209 0x4006232: eval_tree (eval.c:1700)
           n1: 567209 0x4006872: eval_tree (eval.c:1844)
            n1: 567209 0x40079EE: eval_tree (eval.c:2209)
             n1: 567209 0x4006ABD: eval_tree (eval.c:1893)
              n1: 567209 0x40079EE: eval_tree (eval.c:2209)
               n1: 567209 0x4006EF7: eval_tree (eval.c:1974)
                n0: 567209 0x4009BCD: main (psi.c:69)
       n0: 283085 in 2 places, all below massif's threshold (1.00%)
      n0: 70901 in 1 place, below massif's threshold (1.00%)
     n0: 0 in 2 places, all below massif's threshold (1.00%)
    n2: 785744 0x40015F8: copy_env (env.c:74)
     n2: 691330 0x40015F8: copy_env (env.c:74)
      n2: 464646 0x4006148: eval_tree (eval.c:1685)
       n2: 464646 0x4005664: eval_tree (eval.c:1490)
        n1: 428904 0x4006EF7: eval_tree (eval.c:1974)
         n0: 428904 in 2 places, all below massif's threshold (1.00%)
        n0: 35742 in 1 place, below massif's threshold (1.00%)
       n0: 0 in 2 places, all below massif's threshold (1.00%)
      n0: 226684 in 2 places, all below massif's threshold (1.00%)
     n0: 94414 in 2 places, all below massif's threshold (1.00%)
    n0: 2616 in 1 place, below massif's threshold (1.00%)
   n0: 453 in 37 places, all below massif's threshold (1.00%)
  n0: 149472 in 2 places, all below massif's threshold (1.00%)
 n2: 1341816 0x400A9EB: pval_number (pvals.c:73)
  n2: 1341768 0x4009E60: pval_copy (pval_utils.c:20)
   n2: 1210704 0x40015AE: copy_env (env.c:68)
    n2: 968256 0x4006148: eval_tree (eval.c:1685)
     n2: 968256 0x4005664: eval_tree (eval.c:1490)
      n2: 893664 0x4006EF7: eval_tree (eval.c:1974)
       n1: 596448 0x4006232: eval_tree (eval.c:1700)
        n1: 596448 0x400587E: eval_tree (eval.c:1529)
         n1: 596448 0x400634E: eval_tree (eval.c:1726)
          n1: 596448 0x4006232: eval_tree (eval.c:1700)
           n1: 596448 0x4006872: eval_tree (eval.c:1844)
            n1: 596448 0x40079EE: eval_tree (eval.c:2209)
             n1: 596448 0x4006ABD: eval_tree (eval.c:1893)
              n1: 596448 0x40079EE: eval_tree (eval.c:2209)
               n1: 596448 0x4006EF7: eval_tree (eval.c:1974)
                n0: 596448 0x4009BCD: main (psi.c:69)
       n0: 297216 in 1 place, below massif's threshold (1.00%)
      n0: 74592 in 1 place, below massif's threshold (1.00%)
     n0: 0 in 2 places, all below massif's threshold (1.00%)
    n0: 242448 in 2 places, all below massif's threshold (1.00%)
   n0: 131064 in 21 places, all below massif's threshold (1.00%)
  n0: 48 in 14 places, all below massif's threshold (1.00%)
 n0: 1098305 in 22 places, all below massif's threshold (1.00%)
 n1: 913631 0x400874C: lex (lexer.c:321)
  n2: 913631 0x4004CF1: parse_help (eval.c:1281)
   n2: 913631 0x4006EA4: eval_tree (eval.c:1965)
    n1: 848079 0x4006232: eval_tree (eval.c:1700)
     n1: 848079 0x400587E: eval_tree (eval.c:1529)
      n1: 848079 0x400634E: eval_tree (eval.c:1726)
       n1: 848079 0x4006232: eval_tree (eval.c:1700)
        n1: 848079 0x4006872: eval_tree (eval.c:1844)
         n1: 848079 0x40079EE: eval_tree (eval.c:2209)
          n1: 848079 0x4006ABD: eval_tree (eval.c:1893)
           n1: 848079 0x40079EE: eval_tree (eval.c:2209)
            n1: 848079 0x4006EF7: eval_tree (eval.c:1974)
             n0: 848079 0x4009BCD: main (psi.c:69)
    n0: 65552 in 2 places, all below massif's threshold (1.00%)
   n0: 0 in 1 place, below massif's threshold (1.00%)
 n2: 892896 0x4009FE9: pval_add (pval_utils.c:71)
  n2: 892560 0x4009F99: pval_copy (pval_utils.c:56)
   n2: 660272 0x4009F87: pval_copy (pval_utils.c:56)
    n1: 428000 0x4009F87: pval_copy (pval_utils.c:56)
     n0: 428000 in 11 places, all below massif's threshold (1.00%)
    n0: 232272 in 13 places, all below massif's threshold (1.00%)
   n0: 232288 in 16 places, all below massif's threshold (1.00%)
  n0: 336 in 66 places, all below massif's threshold (1.00%)
 n2: 890472 0x400AA77: pval_symbol (pvals.c:95)
  n2: 890352 0x4009E80: pval_copy (pval_utils.c:24)
   n2: 803280 0x4009F87: pval_copy (pval_utils.c:56)
    n2: 610392 0x4009F87: pval_copy (pval_utils.c:56)
     n1: 417552 0x4009F87: pval_copy (pval_utils.c:56)
      n0: 417552 in 8 places, all below massif's threshold (1.00%)
     n0: 192840 in 9 places, all below massif's threshold (1.00%)
    n0: 192888 in 13 places, all below massif's threshold (1.00%)
   n0: 87072 in 16 places, all below massif's threshold (1.00%)
  n0: 120 in 42 places, all below massif's threshold (1.00%)
 n2: 709920 0x400ABB5: empty_list (pvals.c:141)
  n2: 709608 0x4009F62: pval_copy (pval_utils.c:51)
   n1: 435912 0x4009F87: pval_copy (pval_utils.c:56)
    n0: 435912 in 14 places, all below massif's threshold (1.00%)
   n0: 273696 in 20 places, all below massif's threshold (1.00%)
  n0: 312 in 31 places, all below massif's threshold (1.00%)
 n2: 473280 0x400ABD9: empty_list (pvals.c:146)
  n1: 473072 0x4009F62: pval_copy (pval_utils.c:51)
   n0: 473072 in 21 places, all below massif's threshold (1.00%)
  n0: 208 in 31 places, all below massif's threshold (1.00%)
#-----------
snapshot=35
#-----------
time=8607327000
mem_heap_B=22661922
mem_heap_extra_B=14299894
mem_stacks_B=0
heap_tree=detailed
n11: 22661922 (heap allocation functions) malloc/new/new[], --alloc-fns, etc.
 n2: 7109520 0x4001652: create_binding (env.c:91)
  n3: 7107720 0x40015C3: copy_env (env.c:68)
   n2: 3945480 0x40015F8: copy_env (env.c:74)
    n3: 3682944 0x40015F8: copy_env (env.c:74)
     n2: 2738736 0x4006148: eval_tree (eval.c:1685)
      n2: 2738736 0x4005664: eval_tree (eval.c:1490)
       n2: 2528064 0x4006EF7: eval_tree (eval.c:1974)
        n1: 1685376 0x4006232: eval_tree (eval.c:1700)
         n1: 1685376 0x400587E: eval_tree (eval.c:1529)
          n1: 1685376 0x400634E: eval_tree (eval.c:1726)
           n1: 1685376 0x4006232: eval_tree (eval.c:1700)
            n1: 1685376 0x4006872: eval_tree (eval.c:1844)
             n1: 1685376 0x40079EE: eval_tree (eval.c:2209)
              n1: 1685376 0x4006ABD: eval_tree (eval.c:1893)
               n1: 1685376 0x40079EE: eval_tree (eval.c:2209)
                n1: 1685376 0x4006EF7: eval_tree (eval.c:1974)
                 n0: 1685376 0x4009BCD: main (psi.c:69)
        n1: 842688 0x4006EF7: eval_tree (eval.c:1974)
         n1: 842688 0x4006232: eval_tree (eval.c:1700)
          n1: 842688 0x400587E: eval_tree (eval.c:1529)
           n1: 842688 0x400634E: eval_tree (eval.c:1726)
            n1: 842688 0x4006232: eval_tree (eval.c:1700)
             n1: 842688 0x4006872: eval_tree (eval.c:1844)
              n1: 842688 0x40079EE: eval_tree (eval.c:2209)
               n1: 842688 0x4006ABD: eval_tree (eval.c:1893)
                n1: 842688 0x40079EE: eval_tree (eval.c:2209)
                 n1: 842688 0x4006EF7: eval_tree (eval.c:1974)
                  n0: 842688 0x4009BCD: main (psi.c:69)
       n0: 210672 in 1 place, below massif's threshold (1.00%)
      n0: 0 in 2 places, all below massif's threshold (1.00%)
     n2: 484560 0x4005D47: eval_tree (eval.c:1617)
      n2: 484560 0x40079EE: eval_tree (eval.c:2209)
       n2: 484560 0x40079EE: eval_tree (eval.c:2209)
        n1: 484560 0x400549B: eval_tree (eval.c:1461)
         n1: 484560 0x4006EF7: eval_tree (eval.c:1974)
          n1: 484560 0x4006232: eval_tree (eval.c:1700)
           n1: 484560 0x400587E: eval_tree (eval.c:1529)
            n1: 484560 0x400634E: eval_tree (eval.c:1726)
             n1: 484560 0x4006232: eval_tree (eval.c:1700)
              n1: 484560 0x4006872: eval_tree (eval.c:1844)
               n1: 484560 0x40079EE: eval_tree (eval.c:2209)
                n1: 484560 0x4006ABD: eval_tree (eval.c:1893)
                 n1: 484560 0x40079EE: eval_tree (eval.c:2209)
                  n1: 484560 0x4006EF7: eval_tree (eval.c:1974)
                   n0: 484560 0x4009BCD: main (psi.c:69)
        n0: 0 in 1 place, below massif's threshold (1.00%)
       n0: 0 in 3 places, all below massif's threshold (1.00%)
      n0: 0 in 4 places, all below massif's threshold (1.00%)
     n2: 459648 0x40015F8: copy_env (env.c:74)
      n2: 421344 0x40015F8: copy_env (env.c:74)
       n2: 421344 0x4005D47: eval_tree (eval.c:1617)
        n2: 421344 0x40079EE: eval_tree (eval.c:2209)
         n2: 421344 0x40079EE: eval_tree (eval.c:2209)
          n1: 421344 0x400549B: eval_tree (eval.c:1461)
           n1: 421344 0x4006EF7: eval_tree (eval.c:1974)
            n1: 421344 0x4006232: eval_tree (eval.c:1700)
             n1: 421344 0x400587E: eval_tree (eval.c:1529)
              n1: 421344 0x400634E: eval_tree (eval.c:1726)
               n1: 421344 0x4006232: eval_tree (eval.c:1700)
                n1: 421344 0x4006872: eval_tree (eval.c:1844)
                 n1: 421344 0x40079EE: eval_tree (eval.c:2209)
                  n1: 421344 0x4006ABD: eval_tree (eval.c:1893)
                   n1: 421344 0x40079EE: eval_tree (eval.c:2209)
                    n1: 421344 0x4006EF7: eval_tree (eval.c:1974)
                     n0: 421344 0x4009BCD: main (psi.c:69)
          n0: 0 in 1 place, below massif's threshold (1.00%)
         n0: 0 in 3 places, all below massif's threshold (1.00%)
        n0: 0 in 1 place, below massif's threshold (1.00%)
       n0: 0 in 1 place, below massif's threshold (1.00%)
      n0: 38304 in 1 place, below massif's threshold (1.00%)
    n0: 262536 in 2 places, all below massif's threshold (1.00%)
   n2: 3149400 0x4006148: eval_tree (eval.c:1685)
    n2: 3149400 0x4005664: eval_tree (eval.c:1490)
     n3: 2907000 0x4006EF7: eval_tree (eval.c:1974)
      n1: 1939056 0x4006232: eval_tree (eval.c:1700)
       n1: 1939056 0x400587E: eval_tree (eval.c:1529)
        n1: 1939056 0x400634E: eval_tree (eval.c:1726)
         n1: 1939056 0x4006232: eval_tree (eval.c:1700)
          n1: 1939056 0x4006872: eval_tree (eval.c:1844)
           n1: 1939056 0x40079EE: eval_tree (eval.c:2209)
            n1: 1939056 0x4006ABD: eval_tree (eval.c:1893)
             n1: 1939056 0x40079EE: eval_tree (eval.c:2209)
              n1: 1939056 0x4006EF7: eval_tree (eval.c:1974)
               n0: 1939056 0x4009BCD: main (psi.c:69)
      n1: 967152 0x4006EF7: eval_tree (eval.c:1974)
       n1: 967152 0x4006232: eval_tree (eval.c:1700)
        n1: 967152 0x400587E: eval_tree (eval.c:1529)
         n1: 967152 0x400634E: eval_tree (eval.c:1726)
          n1: 967152 0x4006232: eval_tree (eval.c:1700)
           n1: 967152 0x4006872: eval_tree (eval.c:1844)
            n1: 967152 0x40079EE: eval_tree (eval.c:2209)
             n1: 967152 0x4006ABD: eval_tree (eval.c:1893)
              n1: 967152 0x40079EE: eval_tree (eval.c:2209)
               n1: 967152 0x4006EF7: eval_tree (eval.c:1974)
                n0: 967152 0x4009BCD: main (psi.c:69)
      n0: 792 in 1 place, below massif's threshold (1.00%)
     n0: 242400 in 1 place, below massif's threshold (1.00%)
    n0: 0 in 2 places, all below massif's threshold (1.00%)
   n0: 12840 in 1 place, below massif's threshold (1.00%)
  n0: 1800 in 37 places, all below massif's threshold (1.00%)
 n1: 4551767 0x400860C: lex (lexer.c:292)
  n2: 4551767 0x4004CF1: parse_help (eval.c:1281)
   n2: 4551767 0x4006EA4: eval_tree (eval.c:1965)
    n1: 4248589 0x4006232: eval_tree (eval.c:1700)
     n1: 4248589 0x400587E: eval_tree (eval.c:1529)
      n1: 4248589 0x400634E: eval_tree (eval.c:1726)
       n1: 4248589 0x4006232: eval_tree (eval.c:1700)
        n1: 4248589 0x4006872: eval_tree (eval.c:1844)
         n1: 4248589 0x40079EE: eval_tree (eval.c:2209)
          n1: 4248589 0x4006ABD: eval_tree (eval.c:1893)
           n1: 4248589 0x40079EE: eval_tree (eval.c:2209)
            n1: 4248589 0x4006EF7: eval_tree (eval.c:1974)
             n0: 4248589 0x4009BCD: main (psi.c:69)
    n0: 303178 in 2 places, all below massif's threshold (1.00%)
   n0: 0 in 1 place, below massif's threshold (1.00%)
 n1: 2630274 0x400826D: lex (lexer.c:219)
  n2: 2630274 0x4004CF1: parse_help (eval.c:1281)
   n2: 2630274 0x4006EA4: eval_tree (eval.c:1965)
    n1: 2589304 0x4006232: eval_tree (eval.c:1700)
     n1: 2589304 0x400587E: eval_tree (eval.c:1529)
      n1: 2589304 0x400634E: eval_tree (eval.c:1726)
       n1: 2589304 0x4006232: eval_tree (eval.c:1700)
        n1: 2589304 0x4006872: eval_tree (eval.c:1844)
         n1: 2589304 0x40079EE: eval_tree (eval.c:2209)
          n1: 2589304 0x4006ABD: eval_tree (eval.c:1893)
           n1: 2589304 0x40079EE: eval_tree (eval.c:2209)
            n1: 2589304 0x4006EF7: eval_tree (eval.c:1974)
             n0: 2589304 0x4009BCD: main (psi.c:69)
    n0: 40970 in 2 places, all below massif's threshold (1.00%)
   n0: 0 in 1 place, below massif's threshold (1.00%)
 n2: 1909747 0x4927BEE: strdup (strdup.c:42)
  n2: 1756250 0x4001662: create_binding (env.c:93)
   n3: 1755797 0x40015C3: copy_env (env.c:68)
    n2: 946129 0x4006148: eval_tree (eval.c:1685)
     n2: 946129 0x4005664: eval_tree (eval.c:1490)
      n2: 873310 0x4006EF7: eval_tree (eval.c:1974)
       n1: 582553 0x4006232: eval_tree (eval.c:1700)
        n1: 582553 0x400587E: eval_tree (eval.c:1529)
         n1: 582553 0x400634E: eval_tree (eval.c:1726)
          n1: 582553 0x4006232: eval_tree (eval.c:1700)
           n1: 582553 0x4006872: eval_tree (eval.c:1844)
            n1: 582553 0x40079EE: eval_tree (eval.c:2209)
             n1: 582553 0x4006ABD: eval_tree (eval.c:1893)
              n1: 582553 0x40079EE: eval_tree (eval.c:2209)
               n1: 582553 0x4006EF7: eval_tree (eval.c:1974)
                n0: 582553 0x4009BCD: main (psi.c:69)
       n0: 290757 in 2 places, all below massif's threshold (1.00%)
      n0: 72819 in 1 place, below massif's threshold (1.00%)
     n0: 0 in 2 places, all below massif's threshold (1.00%)
    n2: 806982 0x40015F8: copy_env (env.c:74)
     n2: 710020 0x40015F8: copy_env (env.c:74)
      n2: 477204 0x4006148: eval_tree (eval.c:1685)
       n2: 477204 0x4005664: eval_tree (eval.c:1490)
        n1: 440496 0x4006EF7: eval_tree (eval.c:1974)
         n0: 440496 in 2 places, all below massif's threshold (1.00%)
        n0: 36708 in 1 place, below massif's threshold (1.00%)
       n0: 0 in 2 places, all below massif's threshold (1.00%)
      n0: 232816 in 2 places, all below massif's threshold (1.00%)
     n0: 96962 in 2 places, all below massif's threshold (1.00%)
    n0: 2686 in 1 place, below massif's threshold (1.00%)
   n0: 453 in 37 places, all below massif's threshold (1.00%)
  n0: 153497 in 2 places, all below massif's threshold (1.00%)
 n2: 1378104 0x400A9EB: pval_number (pvals.c:73)
  n2: 1378056 0x4009E60: pval_copy (pval_utils.c:20)
   n2: 1243464 0x40015AE: copy_env (env.c:68)
    n2: 994464 0x4006148: eval_tree (eval.c:1685)
     n2: 994464 0x4005664: eval_tree (eval.c:1490)
      n2: 917856 0x4006EF7: eval_tree (eval.c:1974)
       n1: 612576 0x4006232: eval_tree (eval.c:1700)
        n1: 612576 0x400587E: eval_tree (eval.c:1529)
         n1: 612576 0x400634E: eval_tree (eval.c:1726)
          n1: 612576 0x4006232: eval_tree (eval.c:1700)
           n1: 612576 0x4006872: eval_tree (eval.c:1844)
            n1: 612576 0x40079EE: eval_tree (eval.c:2209)
             n1: 612576 0x4006ABD: eval_tree (eval.c:1893)
              n1: 612576 0x40079EE: eval_tree (eval.c:2209)
               n1: 612576 0x4006EF7: eval_tree (eval.c:1974)
                n0: 612576 0x4009BCD: main (psi.c:69)
       n0: 305280 in 1 place, below massif's threshold (1.00%)
      n0: 76608 in 1 place, below massif's threshold (1.00%)
     n0: 0 in 2 places, all below massif's threshold (1.00%)
    n0: 249000 in 2 places, all below massif's threshold (1.00%)
   n0: 134592 in 21 places, all below massif's threshold (1.00%)
  n0: 48 in 14 places, all below massif's threshold (1.00%)
 n0: 1122287 in 22 places, all below massif's threshold (1.00%)
 n2: 916976 0x4009FE9: pval_add (pval_utils.c:71)
  n2: 916640 0x4009F99: pval_copy (pval_utils.c:56)
   n2: 678080 0x4009F87: pval_copy (pval_utils.c:56)
    n1: 439536 0x4009F87: pval_copy (pval_utils.c:56)
     n0: 439536 in 11 places, all below massif's threshold (1.00%)
    n0: 238544 in 13 places, all below massif's threshold (1.00%)
   n0: 238560 in 16 places, all below massif's threshold (1.00%)
  n0: 336 in 66 places, all below massif's threshold (1.00%)
 n2: 914496 0x400AA77: pval_symbol (pvals.c:95)
  n2: 914376 0x4009E80: pval_copy (pval_utils.c:24)
   n2: 824952 0x4009F87: pval_copy (pval_utils.c:56)
    n2: 626856 0x4009F87: pval_copy (pval_utils.c:56)
     n1: 428808 0x4009F87: pval_copy (pval_utils.c:56)
      n0: 428808 in 8 places, all below massif's threshold (1.00%)
     n0: 198048 in 9 places, all below massif's threshold (1.00%)
    n0: 198096 in 13 places, all below massif's threshold (1.00%)
   n0: 89424 in 16 places, all below massif's threshold (1.00%)
  n0: 120 in 42 places, all below massif's threshold (1.00%)
 n1: 913631 0x400874C: lex (lexer.c:321)
  n2: 913631 0x4004CF1: parse_help (eval.c:1281)
   n2: 913631 0x4006EA4: eval_tree (eval.c:1965)
    n1: 848079 0x4006232: eval_tree (eval.c:1700)
     n1: 848079 0x400587E: eval_tree (eval.c:1529)
      n1: 848079 0x400634E: eval_tree (eval.c:1726)
       n1: 848079 0x4006232: eval_tree (eval.c:1700)
        n1: 848079 0x4006872: eval_tree (eval.c:1844)
         n1: 848079 0x40079EE: eval_tree (eval.c:2209)
          n1: 848079 0x4006ABD: eval_tree (eval.c:1893)
           n1: 848079 0x40079EE: eval_tree (eval.c:2209)
            n1: 848079 0x4006EF7: eval_tree (eval.c:1974)
             n0: 848079 0x4009BCD: main (psi.c:69)
    n0: 65552 in 2 places, all below massif's threshold (1.00%)
   n0: 0 in 1 place, below massif's threshold (1.00%)
 n2: 729072 0x400ABB5: empty_list (pvals.c:141)
  n2: 728760 0x4009F62: pval_copy (pval_utils.c:51)
   n1: 447672 0x4009F87: pval_copy (pval_utils.c:56)
    n0: 447672 in 14 places, all below massif's threshold (1.00%)
   n0: 281088 in 20 places, all below massif's threshold (1.00%)
  n0: 312 in 31 places, all below massif's threshold (1.00%)
 n2: 486048 0x400ABD9: empty_list (pvals.c:146)
  n1: 485840 0x4009F62: pval_copy (pval_utils.c:51)
   n0: 485840 in 21 places, all below massif's threshold (1.00%)
  n0: 208 in 31 places, all below massif's threshold (1.00%)
#-----------
snapshot=36
#-----------
time=8866095304
mem_heap_B=23093594
mem_heap_extra_B=14724398
mem_stacks_B=0
heap_tree=detailed
n11: 23093594 (heap allocation functions) malloc/new/new[], --alloc-fns, etc.
 n2: 7323408 0x4001652: create_binding (env.c:91)
  n3: 7321608 0x40015C3: copy_env (env.c:68)
   n2: 4064136 0x40015F8: copy_env (env.c:74)
    n3: 3793728 0x40015F8: copy_env (env.c:74)
     n2: 2821104 0x4006148: eval_tree (eval.c:1685)
      n2: 2821104 0x4005664: eval_tree (eval.c:1490)
       n2: 2604096 0x4006EF7: eval_tree (eval.c:1974)
        n1: 1736064 0x4006232: eval_tree (eval.c:1700)
         n1: 1736064 0x400587E: eval_tree (eval.c:1529)
          n1: 1736064 0x400634E: eval_tree (eval.c:1726)
           n1: 1736064 0x4006232: eval_tree (eval.c:1700)
            n1: 1736064 0x4006872: eval_tree (eval.c:1844)
             n1: 1736064 0x40079EE: eval_tree (eval.c:2209)
              n1: 1736064 0x4006ABD: eval_tree (eval.c:1893)
               n1: 1736064 0x40079EE: eval_tree (eval.c:2209)
                n1: 1736064 0x4006EF7: eval_tree (eval.c:1974)
                 n0: 1736064 0x4009BCD: main (psi.c:69)
        n1: 868032 0x4006EF7: eval_tree (eval.c:1974)
         n1: 868032 0x4006232: eval_tree (eval.c:1700)
          n1: 868032 0x400587E: eval_tree (eval.c:1529)
           n1: 868032 0x400634E: eval_tree (eval.c:1726)
            n1: 868032 0x4006232: eval_tree (eval.c:1700)
             n1: 868032 0x4006872: eval_tree (eval.c:1844)
              n1: 868032 0x40079EE: eval_tree (eval.c:2209)
               n1: 868032 0x4006ABD: eval_tree (eval.c:1893)
                n1: 868032 0x40079EE: eval_tree (eval.c:2209)
                 n1: 868032 0x4006EF7: eval_tree (eval.c:1974)
                  n0: 868032 0x4009BCD: main (psi.c:69)
       n0: 217008 in 1 place, below massif's threshold (1.00%)
      n0: 0 in 2 places, all below massif's threshold (1.00%)
     n2: 499152 0x4005D47: eval_tree (eval.c:1617)
      n2: 499152 0x40079EE: eval_tree (eval.c:2209)
       n2: 499152 0x40079EE: eval_tree (eval.c:2209)
        n1: 499152 0x400549B: eval_tree (eval.c:1461)
         n1: 499152 0x4006EF7: eval_tree (eval.c:1974)
          n1: 499152 0x4006232: eval_tree (eval.c:1700)
           n1: 499152 0x400587E: eval_tree (eval.c:1529)
            n1: 499152 0x400634E: eval_tree (eval.c:1726)
             n1: 499152 0x4006232: eval_tree (eval.c:1700)
              n1: 499152 0x4006872: eval_tree (eval.c:1844)
               n1: 499152 0x40079EE: eval_tree (eval.c:2209)
                n1: 499152 0x4006ABD: eval_tree (eval.c:1893)
                 n1: 499152 0x40079EE: eval_tree (eval.c:2209)
                  n1: 499152 0x4006EF7: eval_tree (eval.c:1974)
                   n0: 499152 0x4009BCD: main (psi.c:69)
        n0: 0 in 1 place, below massif's threshold (1.00%)
       n0: 0 in 3 places, all below massif's threshold (1.00%)
      n0: 0 in 4 places, all below massif's threshold (1.00%)
     n2: 473472 0x40015F8: copy_env (env.c:74)
      n2: 434016 0x40015F8: copy_env (env.c:74)
       n2: 434016 0x4005D47: eval_tree (eval.c:1617)
        n2: 434016 0x40079EE: eval_tree (eval.c:2209)
         n2: 434016 0x40079EE: eval_tree (eval.c:2209)
          n1: 434016 0x400549B: eval_tree (eval.c:1461)
           n1: 434016 0x4006EF7: eval_tree (eval.c:1974)
            n1: 434016 0x4006232: eval_tree (eval.c:1700)
             n1: 434016 0x400587E: eval_tree (eval.c:1529)
              n1: 434016 0x400634E: eval_tree (eval.c:1726)
               n1: 434016 0x4006232: eval_tree (eval.c:1700)
                n1: 434016 0x4006872: eval_tree (eval.c:1844)
                 n1: 434016 0x40079EE: eval_tree (eval.c:2209)
                  n1: 434016 0x4006ABD: eval_tree (eval.c:1893)
                   n1: 434016 0x40079EE: eval_tree (eval.c:2209)
                    n1: 434016 0x4006EF7: eval_tree (eval.c:1974)
                     n0: 434016 0x4009BCD: main (psi.c:69)
          n0: 0 in 1 place, below massif's threshold (1.00%)
         n0: 0 in 3 places, all below massif's threshold (1.00%)
        n0: 0 in 1 place, below massif's threshold (1.00%)
       n0: 0 in 1 place, below massif's threshold (1.00%)
      n0: 39456 in 1 place, below massif's threshold (1.00%)
    n0: 270408 in 2 places, all below massif's threshold (1.00%)
   n2: 3244248 0x4006148: eval_tree (eval.c:1685)
    n2: 3244248 0x4005664: eval_tree (eval.c:1490)
     n3: 2994552 0x4006EF7: eval_tree (eval.c:1974)
      n1: 1997424 0x4006232: eval_tree (eval.c:1700)
       n1: 1997424 0x400587E: eval_tree (eval.c:1529)
        n1: 1997424 0x400634E: eval_tree (eval.c:1726)
         n1: 1997424 0x4006232: eval_tree (eval.c:1700)
          n1: 1997424 0x4006872: eval_tree (eval.c:1844)
           n1: 1997424 0x40079EE: eval_tree (eval.c:2209)
            n1: 1997424 0x4006ABD: eval_tree (eval.c:1893)
             n1: 1997424 0x40079EE: eval_tree (eval.c:2209)
              n1: 1997424 0x4006EF7: eval_tree (eval.c:1974)
               n0: 1997424 0x4009BCD: main (psi.c:69)
      n1: 996336 0x4006EF7: eval_tree (eval.c:1974)
       n1: 996336 0x4006232: eval_tree (eval.c:1700)
        n1: 996336 0x400587E: eval_tree (eval.c:1529)
         n1: 996336 0x400634E: eval_tree (eval.c:1726)
          n1: 996336 0x4006232: eval_tree (eval.c:1700)
           n1: 996336 0x4006872: eval_tree (eval.c:1844)
            n1: 996336 0x40079EE: eval_tree (eval.c:2209)
             n1: 996336 0x4006ABD: eval_tree (eval.c:1893)
              n1: 996336 0x40079EE: eval_tree (eval.c:2209)
               n1: 996336 0x4006EF7: eval_tree (eval.c:1974)
                n0: 996336 0x4009BCD: main (psi.c:69)
      n0: 792 in 1 place, below massif's threshold (1.00%)
     n0: 249696 in 1 place, below massif's threshold (1.00%)
    n0: 0 in 2 places, all below massif's threshold (1.00%)
   n0: 13224 in 1 place, below massif's threshold (1.00%)
  n0: 1800 in 37 places, all below massif's threshold (1.00%)
 n1: 4551767 0x400860C: lex (lexer.c:292)
  n2: 4551767 0x4004CF1: parse_help (eval.c:1281)
   n2: 4551767 0x4006EA4: eval_tree (eval.c:1965)
    n1: 4248589 0x4006232: eval_tree (eval.c:1700)
     n1: 4248589 0x400587E: eval_tree (eval.c:1529)
      n1: 4248589 0x400634E: eval_tree (eval.c:1726)
       n1: 4248589 0x4006232: eval_tree (eval.c:1700)
        n1: 4248589 0x4006872: eval_tree (eval.c:1844)
         n1: 4248589 0x40079EE: eval_tree (eval.c:2209)
          n1: 4248589 0x4006ABD: eval_tree (eval.c:1893)
           n1: 4248589 0x40079EE: eval_tree (eval.c:2209)
            n1: 4248589 0x4006EF7: eval_tree (eval.c:1974)
             n0: 4248589 0x4009BCD: main (psi.c:69)
    n0: 303178 in 2 places, all below massif's threshold (1.00%)
   n0: 0 in 1 place, below massif's threshold (1.00%)
 n1: 2630274 0x400826D: lex (lexer.c:219)
  n2: 2630274 0x4004CF1: parse_help (eval.c:1281)
   n2: 2630274 0x4006EA4: eval_tree (eval.c:1965)
    n1: 2589304 0x4006232: eval_tree (eval.c:1700)
     n1: 2589304 0x400587E: eval_tree (eval.c:1529)
      n1: 2589304 0x400634E: eval_tree (eval.c:1726)
       n1: 2589304 0x4006232: eval_tree (eval.c:1700)
        n1: 2589304 0x4006872: eval_tree (eval.c:1844)
         n1: 2589304 0x40079EE: eval_tree (eval.c:2209)
          n1: 2589304 0x4006ABD: eval_tree (eval.c:1893)
           n1: 2589304 0x40079EE: eval_tree (eval.c:2209)
            n1: 2589304 0x4006EF7: eval_tree (eval.c:1974)
             n0: 2589304 0x4009BCD: main (psi.c:69)
    n0: 40970 in 2 places, all below massif's threshold (1.00%)
   n0: 0 in 1 place, below massif's threshold (1.00%)
 n2: 1967195 0x4927BEE: strdup (strdup.c:42)
  n2: 1809098 0x4001662: create_binding (env.c:93)
   n3: 1808645 0x40015C3: copy_env (env.c:68)
    n2: 974625 0x4006148: eval_tree (eval.c:1685)
     n2: 974625 0x4005664: eval_tree (eval.c:1490)
      n2: 899614 0x4006EF7: eval_tree (eval.c:1974)
       n1: 600089 0x4006232: eval_tree (eval.c:1700)
        n1: 600089 0x400587E: eval_tree (eval.c:1529)
         n1: 600089 0x400634E: eval_tree (eval.c:1726)
          n1: 600089 0x4006232: eval_tree (eval.c:1700)
           n1: 600089 0x4006872: eval_tree (eval.c:1844)
            n1: 600089 0x40079EE: eval_tree (eval.c:2209)
             n1: 600089 0x4006ABD: eval_tree (eval.c:1893)
              n1: 600089 0x40079EE: eval_tree (eval.c:2209)
               n1: 600089 0x4006EF7: eval_tree (eval.c:1974)
                n0: 600089 0x4009BCD: main (psi.c:69)
       n0: 299525 in 2 places, all below massif's threshold (1.00%)
      n0: 75011 in 1 place, below massif's threshold (1.00%)
     n0: 0 in 2 places, all below massif's threshold (1.00%)
    n2: 831254 0x40015F8: copy_env (env.c:74)
     n2: 731380 0x40015F8: copy_env (env.c:74)
      n2: 491556 0x4006148: eval_tree (eval.c:1685)
       n2: 491556 0x4005664: eval_tree (eval.c:1490)
        n1: 453744 0x4006EF7: eval_tree (eval.c:1974)
         n0: 453744 in 2 places, all below massif's threshold (1.00%)
        n0: 37812 in 1 place, below massif's threshold (1.00%)
       n0: 0 in 2 places, all below massif's threshold (1.00%)
      n0: 239824 in 2 places, all below massif's threshold (1.00%)
     n0: 99874 in 2 places, all below massif's threshold (1.00%)
    n0: 2766 in 1 place, below massif's threshold (1.00%)
   n0: 453 in 37 places, all below massif's threshold (1.00%)
  n0: 158097 in 2 places, all below massif's threshold (1.00%)
 n2: 1419576 0x400A9EB: pval_number (pvals.c:73)
  n2: 1419528 0x4009E60: pval_copy (pval_utils.c:20)
   n2: 1280904 0x40015AE: copy_env (env.c:68)
    n2: 1024416 0x4006148: eval_tree (eval.c:1685)
     n2: 1024416 0x4005664: eval_tree (eval.c:1490)
      n2: 945504 0x4006EF7: eval_tree (eval.c:1974)
       n1: 631008 0x4006232: eval_tree (eval.c:1700)
        n1: 631008 0x400587E: eval_tree (eval.c:1529)
         n1: 631008 0x400634E: eval_tree (eval.c:1726)
          n1: 631008 0x4006232: eval_tree (eval.c:1700)
           n1: 631008 0x4006872: eval_tree (eval.c:1844)
            n1: 631008 0x40079EE: eval_tree (eval.c:2209)
             n1: 631008 0x4006ABD: eval_tree (eval.c:1893)
              n1: 631008 0x40079EE: eval_tree (eval.c:2209)
               n1: 631008 0x4006EF7: eval_tree (eval.c:1974)
                n0: 631008 0x4009BCD: main (psi.c:69)
       n0: 314496 in 1 place, below massif's threshold (1.00%)
      n0: 78912 in 1 place, below massif's threshold (1.00%)
     n0: 0 in 2 places, all below massif's threshold (1.00%)
    n0: 256488 in 2 places, all below massif's threshold (1.00%)
   n0: 138624 in 21 places, all below massif's threshold (1.00%)
  n0: 48 in 14 places, all below massif's threshold (1.00%)
 n0: 1149695 in 22 places, all below massif's threshold (1.00%)
 n2: 944496 0x4009FE9: pval_add (pval_utils.c:71)
  n2: 944160 0x4009F99: pval_copy (pval_utils.c:56)
   n2: 698432 0x4009F87: pval_copy (pval_utils.c:56)
    n1: 452720 0x4009F87: pval_copy (pval_utils.c:56)
     n0: 452720 in 11 places, all below massif's threshold (1.00%)
    n0: 245712 in 13 places, all below massif's threshold (1.00%)
   n0: 245728 in 16 places, all below massif's threshold (1.00%)
  n0: 336 in 66 places, all below massif's threshold (1.00%)
 n2: 941952 0x400AA77: pval_symbol (pvals.c:95)
  n2: 941832 0x4009E80: pval_copy (pval_utils.c:24)
   n2: 849720 0x4009F87: pval_copy (pval_utils.c:56)
    n2: 645672 0x4009F87: pval_copy (pval_utils.c:56)
     n1: 441672 0x4009F87: pval_copy (pval_utils.c:56)
      n0: 441672 in 8 places, all below massif's threshold (1.00%)
     n0: 204000 in 9 places, all below massif's threshold (1.00%)
    n0: 204048 in 13 places, all below massif's threshold (1.00%)
   n0: 92112 in 16 places, all below massif's threshold (1.00%)
  n0: 120 in 42 places, all below massif's threshold (1.00%)
 n1: 913631 0x400874C: lex (lexer.c:321)
  n2: 913631 0x4004CF1: parse_help (eval.c:1281)
   n2: 913631 0x4006EA4: eval_tree (eval.c:1965)
    n1: 848079 0x4006232: eval_tree (eval.c:1700)
     n1: 848079 0x400587E: eval_tree (eval.c:1529)
      n1: 848079 0x400634E: eval_tree (eval.c:1726)
       n1: 848079 0x4006232: eval_tree (eval.c:1700)
        n1: 848079 0x4006872: eval_tree (eval.c:1844)
         n1: 848079 0x40079EE: eval_tree (eval.c:2209)
          n1: 848079 0x4006ABD: eval_tree (eval.c:1893)
           n1: 848079 0x40079EE: eval_tree (eval.c:2209)
            n1: 848079 0x4006EF7: eval_tree (eval.c:1974)
             n0: 848079 0x4009BCD: main (psi.c:69)
    n0: 65552 in 2 places, all below massif's threshold (1.00%)
   n0: 0 in 1 place, below massif's threshold (1.00%)
 n2: 750960 0x400ABB5: empty_list (pvals.c:141)
  n2: 750648 0x4009F62: pval_copy (pval_utils.c:51)
   n1: 461112 0x4009F87: pval_copy (pval_utils.c:56)
    n0: 461112 in 14 places, all below massif's threshold (1.00%)
   n0: 289536 in 20 places, all below massif's threshold (1.00%)
  n0: 312 in 31 places, all below massif's threshold (1.00%)
 n2: 500640 0x400ABD9: empty_list (pvals.c:146)
  n1: 500432 0x4009F62: pval_copy (pval_utils.c:51)
   n0: 500432 in 21 places, all below massif's threshold (1.00%)
  n0: 208 in 31 places, all below massif's threshold (1.00%)
#-----------
snapshot=37
#-----------
time=9092423336
mem_heap_B=23429545
mem_heap_extra_B=15094719
mem_stacks_B=0
heap_tree=empty
#-----------
snapshot=38
#-----------
time=9351148824
mem_heap_B=23823685
mem_heap_extra_B=15518291
mem_stacks_B=0
heap_tree=empty
#-----------
snapshot=39
#-----------
time=9642175000
mem_heap_B=24388610
mem_heap_extra_B=15998166
mem_stacks_B=0
heap_tree=peak
n11: 24388610 (heap allocation functions) malloc/new/new[], --alloc-fns, etc.
 n2: 7965072 0x4001652: create_binding (env.c:91)
  n3: 7963272 0x40015C3: copy_env (env.c:68)
   n2: 4420104 0x40015F8: copy_env (env.c:74)
    n3: 4126080 0x40015F8: copy_env (env.c:74)
     n2: 3068208 0x4006148: eval_tree (eval.c:1685)
      n2: 3068208 0x4005664: eval_tree (eval.c:1490)
       n2: 2832192 0x4006EF7: eval_tree (eval.c:1974)
        n1: 1888128 0x4006232: eval_tree (eval.c:1700)
         n1: 1888128 0x400587E: eval_tree (eval.c:1529)
          n1: 1888128 0x400634E: eval_tree (eval.c:1726)
           n1: 1888128 0x4006232: eval_tree (eval.c:1700)
            n1: 1888128 0x4006872: eval_tree (eval.c:1844)
             n1: 1888128 0x40079EE: eval_tree (eval.c:2209)
              n1: 1888128 0x4006ABD: eval_tree (eval.c:1893)
               n1: 1888128 0x40079EE: eval_tree (eval.c:2209)
                n1: 1888128 0x4006EF7: eval_tree (eval.c:1974)
                 n0: 1888128 0x4009BCD: main (psi.c:69)
        n1: 944064 0x4006EF7: eval_tree (eval.c:1974)
         n1: 944064 0x4006232: eval_tree (eval.c:1700)
          n1: 944064 0x400587E: eval_tree (eval.c:1529)
           n1: 944064 0x400634E: eval_tree (eval.c:1726)
            n1: 944064 0x4006232: eval_tree (eval.c:1700)
             n1: 944064 0x4006872: eval_tree (eval.c:1844)
              n1: 944064 0x40079EE: eval_tree (eval.c:2209)
               n1: 944064 0x4006ABD: eval_tree (eval.c:1893)
                n1: 944064 0x40079EE: eval_tree (eval.c:2209)
                 n1: 944064 0x4006EF7: eval_tree (eval.c:1974)
                  n0: 944064 0x4009BCD: main (psi.c:69)
       n0: 236016 in 1 place, below massif's threshold (1.00%)
      n0: 0 in 2 places, all below massif's threshold (1.00%)
     n2: 542928 0x4005D47: eval_tree (eval.c:1617)
      n2: 542928 0x40079EE: eval_tree (eval.c:2209)
       n2: 542928 0x40079EE: eval_tree (eval.c:2209)
        n1: 542928 0x400549B: eval_tree (eval.c:1461)
         n1: 542928 0x4006EF7: eval_tree (eval.c:1974)
          n1: 542928 0x4006232: eval_tree (eval.c:1700)
           n1: 542928 0x400587E: eval_tree (eval.c:1529)
            n1: 542928 0x400634E: eval_tree (eval.c:1726)
             n1: 542928 0x4006232: eval_tree (eval.c:1700)
              n1: 542928 0x4006872: eval_tree (eval.c:1844)
               n1: 542928 0x40079EE: eval_tree (eval.c:2209)
                n1: 542928 0x4006ABD: eval_tree (eval.c:1893)
                 n1: 542928 0x40079EE: eval_tree (eval.c:2209)
                  n1: 542928 0x4006EF7: eval_tree (eval.c:1974)
                   n0: 542928 0x4009BCD: main (psi.c:69)
        n0: 0 in 1 place, below massif's threshold (1.00%)
       n0: 0 in 3 places, all below massif's threshold (1.00%)
      n0: 0 in 4 places, all below massif's threshold (1.00%)
     n2: 514944 0x40015F8: copy_env (env.c:74)
      n2: 472032 0x40015F8: copy_env (env.c:74)
       n2: 472032 0x4005D47: eval_tree (eval.c:1617)
        n2: 472032 0x40079EE: eval_tree (eval.c:2209)
         n2: 472032 0x40079EE: eval_tree (eval.c:2209)
          n1: 472032 0x400549B: eval_tree (eval.c:1461)
           n1: 472032 0x4006EF7: eval_tree (eval.c:1974)
            n1: 472032 0x4006232: eval_tree (eval.c:1700)
             n1: 472032 0x400587E: eval_tree (eval.c:1529)
              n1: 472032 0x400634E: eval_tree (eval.c:1726)
               n1: 472032 0x4006232: eval_tree (eval.c:1700)
                n1: 472032 0x4006872: eval_tree (eval.c:1844)
                 n1: 472032 0x40079EE: eval_tree (eval.c:2209)
                  n1: 472032 0x4006ABD: eval_tree (eval.c:1893)
                   n1: 472032 0x40079EE: eval_tree (eval.c:2209)
                    n1: 472032 0x4006EF7: eval_tree (eval.c:1974)
                     n0: 472032 0x4009BCD: main (psi.c:69)
          n0: 0 in 1 place, below massif's threshold (1.00%)
         n0: 0 in 3 places, all below massif's threshold (1.00%)
        n0: 0 in 1 place, below massif's threshold (1.00%)
       n0: 0 in 1 place, below massif's threshold (1.00%)
      n0: 42912 in 1 place, below massif's threshold (1.00%)
    n0: 294024 in 2 places, all below massif's threshold (1.00%)
   n2: 3528792 0x4006148: eval_tree (eval.c:1685)
    n2: 3528792 0x4005664: eval_tree (eval.c:1490)
     n3: 3257208 0x4006EF7: eval_tree (eval.c:1974)
      n1: 2172528 0x4006232: eval_tree (eval.c:1700)
       n1: 2172528 0x400587E: eval_tree (eval.c:1529)
        n1: 2172528 0x400634E: eval_tree (eval.c:1726)
         n1: 2172528 0x4006232: eval_tree (eval.c:1700)
          n1: 2172528 0x4006872: eval_tree (eval.c:1844)
           n1: 2172528 0x40079EE: eval_tree (eval.c:2209)
            n1: 2172528 0x4006ABD: eval_tree (eval.c:1893)
             n1: 2172528 0x40079EE: eval_tree (eval.c:2209)
              n1: 2172528 0x4006EF7: eval_tree (eval.c:1974)
               n0: 2172528 0x4009BCD: main (psi.c:69)
      n1: 1083888 0x4006EF7: eval_tree (eval.c:1974)
       n1: 1083888 0x4006232: eval_tree (eval.c:1700)
        n1: 1083888 0x400587E: eval_tree (eval.c:1529)
         n1: 1083888 0x400634E: eval_tree (eval.c:1726)
          n1: 1083888 0x4006232: eval_tree (eval.c:1700)
           n1: 1083888 0x4006872: eval_tree (eval.c:1844)
            n1: 1083888 0x40079EE: eval_tree (eval.c:2209)
             n1: 1083888 0x4006ABD: eval_tree (eval.c:1893)
              n1: 1083888 0x40079EE: eval_tree (eval.c:2209)
               n1: 1083888 0x4006EF7: eval_tree (eval.c:1974)
                n0: 1083888 0x4009BCD: main (psi.c:69)
      n0: 792 in 1 place, below massif's threshold (1.00%)
     n0: 271584 in 1 place, below massif's threshold (1.00%)
    n0: 0 in 2 places, all below massif's threshold (1.00%)
   n0: 14376 in 1 place, below massif's threshold (1.00%)
  n0: 1800 in 37 places, all below massif's threshold (1.00%)
 n1: 4551767 0x400860C: lex (lexer.c:292)
  n2: 4551767 0x4004CF1: parse_help (eval.c:1281)
   n2: 4551767 0x4006EA4: eval_tree (eval.c:1965)
    n1: 4248589 0x4006232: eval_tree (eval.c:1700)
     n1: 4248589 0x400587E: eval_tree (eval.c:1529)
      n1: 4248589 0x400634E: eval_tree (eval.c:1726)
       n1: 4248589 0x4006232: eval_tree (eval.c:1700)
        n1: 4248589 0x4006872: eval_tree (eval.c:1844)
         n1: 4248589 0x40079EE: eval_tree (eval.c:2209)
          n1: 4248589 0x4006ABD: eval_tree (eval.c:1893)
           n1: 4248589 0x40079EE: eval_tree (eval.c:2209)
            n1: 4248589 0x4006EF7: eval_tree (eval.c:1974)
             n0: 4248589 0x4009BCD: main (psi.c:69)
    n0: 303178 in 2 places, all below massif's threshold (1.00%)
   n0: 0 in 1 place, below massif's threshold (1.00%)
 n1: 2630274 0x400826D: lex (lexer.c:219)
  n2: 2630274 0x4004CF1: parse_help (eval.c:1281)
   n2: 2630274 0x4006EA4: eval_tree (eval.c:1965)
    n1: 2589304 0x4006232: eval_tree (eval.c:1700)
     n1: 2589304 0x400587E: eval_tree (eval.c:1529)
      n1: 2589304 0x400634E: eval_tree (eval.c:1726)
       n1: 2589304 0x4006232: eval_tree (eval.c:1700)
        n1: 2589304 0x4006872: eval_tree (eval.c:1844)
         n1: 2589304 0x40079EE: eval_tree (eval.c:2209)
          n1: 2589304 0x4006ABD: eval_tree (eval.c:1893)
           n1: 2589304 0x40079EE: eval_tree (eval.c:2209)
            n1: 2589304 0x4006EF7: eval_tree (eval.c:1974)
             n0: 2589304 0x4009BCD: main (psi.c:69)
    n0: 40970 in 2 places, all below massif's threshold (1.00%)
   n0: 0 in 1 place, below massif's threshold (1.00%)
 n2: 2139539 0x4927BEE: strdup (strdup.c:42)
  n2: 1967642 0x4001662: create_binding (env.c:93)
   n3: 1967189 0x40015C3: copy_env (env.c:68)
    n2: 1060113 0x4006148: eval_tree (eval.c:1685)
     n2: 1060113 0x4005664: eval_tree (eval.c:1490)
      n2: 978526 0x4006EF7: eval_tree (eval.c:1974)
       n1: 652697 0x4006232: eval_tree (eval.c:1700)
        n1: 652697 0x400587E: eval_tree (eval.c:1529)
         n1: 652697 0x400634E: eval_tree (eval.c:1726)
          n1: 652697 0x4006232: eval_tree (eval.c:1700)
           n1: 652697 0x4006872: eval_tree (eval.c:1844)
            n1: 652697 0x40079EE: eval_tree (eval.c:2209)
             n1: 652697 0x4006ABD: eval_tree (eval.c:1893)
              n1: 652697 0x40079EE: eval_tree (eval.c:2209)
               n1: 652697 0x4006EF7: eval_tree (eval.c:1974)
                n0: 652697 0x4009BCD: main (psi.c:69)
       n0: 325829 in 2 places, all below massif's threshold (1.00%)
      n0: 81587 in 1 place, below massif's threshold (1.00%)
     n0: 0 in 2 places, all below massif's threshold (1.00%)
    n2: 904070 0x40015F8: copy_env (env.c:74)
     n2: 795460 0x40015F8: copy_env (env.c:74)
      n2: 534612 0x4006148: eval_tree (eval.c:1685)
       n2: 534612 0x4005664: eval_tree (eval.c:1490)
        n1: 493488 0x4006EF7: eval_tree (eval.c:1974)
         n0: 493488 in 2 places, all below massif's threshold (1.00%)
        n0: 41124 in 1 place, below massif's threshold (1.00%)
       n0: 0 in 2 places, all below massif's threshold (1.00%)
      n0: 260848 in 2 places, all below massif's threshold (1.00%)
     n0: 108610 in 2 places, all below massif's threshold (1.00%)
    n0: 3006 in 1 place, below massif's threshold (1.00%)
   n0: 453 in 37 places, all below massif's threshold (1.00%)
  n0: 171897 in 2 places, all below massif's threshold (1.00%)
 n2: 1543992 0x400A9EB: pval_number (pvals.c:73)
  n2: 1543944 0x4009E60: pval_copy (pval_utils.c:20)
   n2: 1393224 0x40015AE: copy_env (env.c:68)
    n2: 1114272 0x4006148: eval_tree (eval.c:1685)
     n2: 1114272 0x4005664: eval_tree (eval.c:1490)
      n2: 1028448 0x4006EF7: eval_tree (eval.c:1974)
       n1: 686304 0x4006232: eval_tree (eval.c:1700)
        n1: 686304 0x400587E: eval_tree (eval.c:1529)
         n1: 686304 0x400634E: eval_tree (eval.c:1726)
          n1: 686304 0x4006232: eval_tree (eval.c:1700)
           n1: 686304 0x4006872: eval_tree (eval.c:1844)
            n1: 686304 0x40079EE: eval_tree (eval.c:2209)
             n1: 686304 0x4006ABD: eval_tree (eval.c:1893)
              n1: 686304 0x40079EE: eval_tree (eval.c:2209)
               n1: 686304 0x4006EF7: eval_tree (eval.c:1974)
                n0: 686304 0x4009BCD: main (psi.c:69)
       n0: 342144 in 1 place, below massif's threshold (1.00%)
      n0: 85824 in 1 place, below massif's threshold (1.00%)
     n0: 0 in 2 places, all below massif's threshold (1.00%)
    n0: 278952 in 2 places, all below massif's threshold (1.00%)
   n0: 150720 in 21 places, all below massif's threshold (1.00%)
  n0: 48 in 14 places, all below massif's threshold (1.00%)
 n0: 1231919 in 22 places, all below massif's threshold (1.00%)
 n2: 1027056 0x4009FE9: pval_add (pval_utils.c:71)
  n2: 1026720 0x4009F99: pval_copy (pval_utils.c:56)
   n2: 759488 0x4009F87: pval_copy (pval_utils.c:56)
    n1: 492272 0x4009F87: pval_copy (pval_utils.c:56)
     n0: 492272 in 11 places, all below massif's threshold (1.00%)
    n0: 267216 in 13 places, all below massif's threshold (1.00%)
   n0: 267232 in 16 places, all below massif's threshold (1.00%)
  n0: 336 in 66 places, all below massif's threshold (1.00%)
 n2: 1024320 0x400AA77: pval_symbol (pvals.c:95)
  n2: 1024200 0x4009E80: pval_copy (pval_utils.c:24)
   n2: 924024 0x4009F87: pval_copy (pval_utils.c:56)
    n2: 702120 0x4009F87: pval_copy (pval_utils.c:56)
     n1: 480264 0x4009F87: pval_copy (pval_utils.c:56)
      n0: 480264 in 8 places, all below massif's threshold (1.00%)
     n0: 221856 in 9 places, all below massif's threshold (1.00%)
    n0: 221904 in 13 places, all below massif's threshold (1.00%)
   n0: 100176 in 16 places, all below massif's threshold (1.00%)
  n0: 120 in 42 places, all below massif's threshold (1.00%)
 n1: 913631 0x400874C: lex (lexer.c:321)
  n2: 913631 0x4004CF1: parse_help (eval.c:1281)
   n2: 913631 0x4006EA4: eval_tree (eval.c:1965)
    n1: 848079 0x4006232: eval_tree (eval.c:1700)
     n1: 848079 0x400587E: eval_tree (eval.c:1529)
      n1: 848079 0x400634E: eval_tree (eval.c:1726)
       n1: 848079 0x4006232: eval_tree (eval.c:1700)
        n1: 848079 0x4006872: eval_tree (eval.c:1844)
         n1: 848079 0x40079EE: eval_tree (eval.c:2209)
          n1: 848079 0x4006ABD: eval_tree (eval.c:1893)
           n1: 848079 0x40079EE: eval_tree (eval.c:2209)
            n1: 848079 0x4006EF7: eval_tree (eval.c:1974)
             n0: 848079 0x4009BCD: main (psi.c:69)
    n0: 65552 in 2 places, all below massif's threshold (1.00%)
   n0: 0 in 1 place, below massif's threshold (1.00%)
 n2: 816624 0x400ABB5: empty_list (pvals.c:141)
  n2: 816312 0x4009F62: pval_copy (pval_utils.c:51)
   n1: 501432 0x4009F87: pval_copy (pval_utils.c:56)
    n0: 501432 in 14 places, all below massif's threshold (1.00%)
   n0: 314880 in 20 places, all below massif's threshold (1.00%)
  n0: 312 in 31 places, all below massif's threshold (1.00%)
 n2: 544416 0x400ABD9: empty_list (pvals.c:146)
  n1: 544208 0x4009F62: pval_copy (pval_utils.c:51)
   n0: 544208 in 21 places, all below massif's threshold (1.00%)
  n0: 208 in 31 places, all below massif's threshold (1.00%)
#-----------
snapshot=40
#-----------
time=9933091152
mem_heap_B=3170003
mem_heap_extra_B=939853
mem_stacks_B=0
heap_tree=empty
#-----------
snapshot=41
#-----------
time=10224007304
mem_heap_B=3277696
mem_heap_extra_B=1280456
mem_stacks_B=0
heap_tree=empty
#-----------
snapshot=42
#-----------
time=10611895496
mem_heap_B=4532542
mem_heap_extra_B=2422282
mem_stacks_B=0
heap_tree=detailed
n11: 4532542 (heap allocation functions) malloc/new/new[], --alloc-fns, etc.
 n1: 1011959 0x400826D: lex (lexer.c:219)
  n2: 1011959 0x4004CF1: parse_help (eval.c:1281)
   n2: 1011959 0x4006EA4: eval_tree (eval.c:1965)
    n1: 987377 0x4006232: eval_tree (eval.c:1700)
     n1: 987377 0x400587E: eval_tree (eval.c:1529)
      n1: 987377 0x400634E: eval_tree (eval.c:1726)
       n1: 987377 0x4006232: eval_tree (eval.c:1700)
        n1: 987377 0x4006872: eval_tree (eval.c:1844)
         n1: 987377 0x40079EE: eval_tree (eval.c:2209)
          n1: 987377 0x4006ABD: eval_tree (eval.c:1893)
           n1: 987377 0x40079EE: eval_tree (eval.c:2209)
            n1: 987377 0x4006EF7: eval_tree (eval.c:1974)
             n0: 987377 0x4009BCD: main (psi.c:69)
    n0: 24582 in 2 places, all below massif's threshold (1.00%)
   n0: 0 in 1 place, below massif's threshold (1.00%)
 n2: 996168 0x4001652: create_binding (env.c:91)
  n3: 992232 0x40015C3: copy_env (env.c:68)
   n2: 595104 0x40015F8: copy_env (env.c:74)
    n2: 531720 0x40015F8: copy_env (env.c:74)
     n2: 510048 0x4006148: eval_tree (eval.c:1685)
      n2: 510048 0x4005664: eval_tree (eval.c:1490)
       n2: 510048 0x4006EF7: eval_tree (eval.c:1974)
        n1: 465696 0x4006EF7: eval_tree (eval.c:1974)
         n1: 465696 0x4006232: eval_tree (eval.c:1700)
          n1: 465696 0x400587E: eval_tree (eval.c:1529)
           n1: 465696 0x400634E: eval_tree (eval.c:1726)
            n1: 465696 0x4006232: eval_tree (eval.c:1700)
             n1: 465696 0x4006872: eval_tree (eval.c:1844)
              n1: 465696 0x40079EE: eval_tree (eval.c:2209)
               n1: 465696 0x4006ABD: eval_tree (eval.c:1893)
                n1: 465696 0x40079EE: eval_tree (eval.c:2209)
                 n1: 465696 0x4006EF7: eval_tree (eval.c:1974)
                  n0: 465696 0x4009BCD: main (psi.c:69)
        n0: 44352 in 1 place, below massif's threshold (1.00%)
       n0: 0 in 1 place, below massif's threshold (1.00%)
      n0: 0 in 2 places, all below massif's threshold (1.00%)
     n0: 21672 in 2 places, all below massif's threshold (1.00%)
    n0: 63384 in 2 places, all below massif's threshold (1.00%)
   n2: 395208 0x4006148: eval_tree (eval.c:1685)
    n2: 395208 0x4005664: eval_tree (eval.c:1490)
     n2: 395208 0x4006EF7: eval_tree (eval.c:1974)
      n1: 359544 0x4006EF7: eval_tree (eval.c:1974)
       n1: 359544 0x4006232: eval_tree (eval.c:1700)
        n1: 359544 0x400587E: eval_tree (eval.c:1529)
         n1: 359544 0x400634E: eval_tree (eval.c:1726)
          n1: 359544 0x4006232: eval_tree (eval.c:1700)
           n1: 359544 0x4006872: eval_tree (eval.c:1844)
            n1: 359544 0x40079EE: eval_tree (eval.c:2209)
             n1: 359544 0x4006ABD: eval_tree (eval.c:1893)
              n1: 359544 0x40079EE: eval_tree (eval.c:2209)
               n1: 359544 0x4006EF7: eval_tree (eval.c:1974)
                n0: 359544 0x4009BCD: main (psi.c:69)
      n0: 35664 in 2 places, all below massif's threshold (1.00%)
     n0: 0 in 1 place, below massif's threshold (1.00%)
    n0: 0 in 2 places, all below massif's threshold (1.00%)
   n0: 1920 in 1 place, below massif's threshold (1.00%)
  n0: 3936 in 37 places, all below massif's threshold (1.00%)
 n1: 856273 0x400860C: lex (lexer.c:292)
  n2: 856273 0x4004CF1: parse_help (eval.c:1281)
   n3: 856273 0x4006EA4: eval_tree (eval.c:1965)
    n1: 757945 0x4006232: eval_tree (eval.c:1700)
     n1: 757945 0x400587E: eval_tree (eval.c:1529)
      n1: 757945 0x400634E: eval_tree (eval.c:1726)
       n1: 757945 0x4006232: eval_tree (eval.c:1700)
        n1: 757945 0x4006872: eval_tree (eval.c:1844)
         n1: 757945 0x40079EE: eval_tree (eval.c:2209)
          n1: 757945 0x4006ABD: eval_tree (eval.c:1893)
           n1: 757945 0x40079EE: eval_tree (eval.c:2209)
            n1: 757945 0x4006EF7: eval_tree (eval.c:1974)
             n0: 757945 0x4009BCD: main (psi.c:69)
    n0: 98328 0x4009BCD: main (psi.c:69)
    n0: 0 in 1 place, below massif's threshold (1.00%)
   n0: 0 in 1 place, below massif's threshold (1.00%)
 n2: 358608 0x4009FE9: pval_add (pval_utils.c:71)
  n2: 318832 0x4009F99: pval_copy (pval_utils.c:56)
   n2: 188944 0x4009F87: pval_copy (pval_utils.c:56)
    n1: 123520 0x4009F87: pval_copy (pval_utils.c:56)
     n0: 123520 in 13 places, all below massif's threshold (1.00%)
    n0: 65424 in 18 places, all below massif's threshold (1.00%)
   n0: 129888 in 20 places, all below massif's threshold (1.00%)
  n0: 39776 in 66 places, all below massif's threshold (1.00%)
 n2: 278038 0x4927BEE: strdup (strdup.c:42)
  n2: 237976 0x4001662: create_binding (env.c:93)
   n3: 237237 0x40015C3: copy_env (env.c:68)
    n2: 121994 0x4006148: eval_tree (eval.c:1685)
     n2: 121994 0x4005664: eval_tree (eval.c:1490)
      n2: 121994 0x4006EF7: eval_tree (eval.c:1974)
       n1: 111088 0x4006EF7: eval_tree (eval.c:1974)
        n1: 111088 0x4006232: eval_tree (eval.c:1700)
         n1: 111088 0x400587E: eval_tree (eval.c:1529)
          n1: 111088 0x400634E: eval_tree (eval.c:1726)
           n1: 111088 0x4006232: eval_tree (eval.c:1700)
            n1: 111088 0x4006872: eval_tree (eval.c:1844)
             n1: 111088 0x40079EE: eval_tree (eval.c:2209)
              n1: 111088 0x4006ABD: eval_tree (eval.c:1893)
               n1: 111088 0x40079EE: eval_tree (eval.c:2209)
                n1: 111088 0x4006EF7: eval_tree (eval.c:1974)
                 n0: 111088 0x4009BCD: main (psi.c:69)
       n0: 10906 in 2 places, all below massif's threshold (1.00%)
      n0: 0 in 1 place, below massif's threshold (1.00%)
     n0: 0 in 2 places, all below massif's threshold (1.00%)
    n2: 114898 0x40015F8: copy_env (env.c:74)
     n2: 92998 0x40015F8: copy_env (env.c:74)
      n2: 88872 0x4006148: eval_tree (eval.c:1685)
       n2: 88872 0x4005664: eval_tree (eval.c:1490)
        n2: 88872 0x4006EF7: eval_tree (eval.c:1974)
         n1: 81144 0x4006EF7: eval_tree (eval.c:1974)
          n1: 81144 0x4006232: eval_tree (eval.c:1700)
           n1: 81144 0x400587E: eval_tree (eval.c:1529)
            n1: 81144 0x400634E: eval_tree (eval.c:1726)
             n1: 81144 0x4006232: eval_tree (eval.c:1700)
              n1: 81144 0x4006872: eval_tree (eval.c:1844)
               n1: 81144 0x40079EE: eval_tree (eval.c:2209)
                n1: 81144 0x4006ABD: eval_tree (eval.c:1893)
                 n1: 81144 0x40079EE: eval_tree (eval.c:2209)
                  n1: 81144 0x4006EF7: eval_tree (eval.c:1974)
                   n0: 81144 0x4009BCD: main (psi.c:69)
         n0: 7728 in 1 place, below massif's threshold (1.00%)
        n0: 0 in 1 place, below massif's threshold (1.00%)
       n0: 0 in 2 places, all below massif's threshold (1.00%)
      n0: 4126 in 2 places, all below massif's threshold (1.00%)
     n0: 21900 in 2 places, all below massif's threshold (1.00%)
    n0: 345 in 1 place, below massif's threshold (1.00%)
   n0: 739 in 37 places, all below massif's threshold (1.00%)
  n0: 40062 in 2 places, all below massif's threshold (1.00%)
 n2: 250296 0x400AA77: pval_symbol (pvals.c:95)
  n2: 248952 0x4009E80: pval_copy (pval_utils.c:24)
   n2: 232176 0x4009F87: pval_copy (pval_utils.c:56)
    n2: 181896 0x4009F87: pval_copy (pval_utils.c:56)
     n2: 130536 0x4009F87: pval_copy (pval_utils.c:56)
      n1: 74784 0x4009F87: pval_copy (pval_utils.c:56)
       n0: 74784 in 6 places, all below massif's threshold (1.00%)
      n0: 55752 in 7 places, all below massif's threshold (1.00%)
     n0: 51360 in 9 places, all below massif's threshold (1.00%)
    n0: 50280 in 16 places, all below massif's threshold (1.00%)
   n0: 16776 in 17 places, all below massif's threshold (1.00%)
  n0: 1344 in 42 places, all below massif's threshold (1.00%)
 n2: 189960 0x400A9EB: pval_number (pvals.c:73)
  n2: 189888 0x4009E60: pval_copy (pval_utils.c:20)
   n1: 118704 0x4009F87: pval_copy (pval_utils.c:56)
    n0: 118704 in 20 places, all below massif's threshold (1.00%)
   n0: 71184 in 22 places, all below massif's threshold (1.00%)
  n0: 72 in 14 places, all below massif's threshold (1.00%)
 n0: 188061 in 22 places, all below massif's threshold (1.00%)
 n2: 175536 0x400ABB5: empty_list (pvals.c:141)
  n2: 170736 0x4009F62: pval_copy (pval_utils.c:51)
   n2: 120648 0x4009F87: pval_copy (pval_utils.c:56)
    n1: 83208 0x4009F87: pval_copy (pval_utils.c:56)
     n0: 83208 in 13 places, all below massif's threshold (1.00%)
    n0: 37440 in 18 places, all below massif's threshold (1.00%)
   n0: 50088 in 22 places, all below massif's threshold (1.00%)
  n0: 4800 in 31 places, all below massif's threshold (1.00%)
 n2: 117024 0x400ABD9: empty_list (pvals.c:146)
  n2: 113824 0x4009F62: pval_copy (pval_utils.c:51)
   n1: 80432 0x4009F87: pval_copy (pval_utils.c:56)
    n0: 80432 in 19 places, all below massif's threshold (1.00%)
   n0: 33392 in 22 places, all below massif's threshold (1.00%)
  n0: 3200 in 31 places, all below massif's threshold (1.00%)
 n1: 110619 0x400874C: lex (lexer.c:321)
  n2: 110619 0x4004CF1: parse_help (eval.c:1281)
   n2: 110619 0x4006EA4: eval_tree (eval.c:1965)
    n1: 86037 0x4006232: eval_tree (eval.c:1700)
     n1: 86037 0x400587E: eval_tree (eval.c:1529)
      n1: 86037 0x400634E: eval_tree (eval.c:1726)
       n1: 86037 0x4006232: eval_tree (eval.c:1700)
        n1: 86037 0x4006872: eval_tree (eval.c:1844)
         n1: 86037 0x40079EE: eval_tree (eval.c:2209)
          n1: 86037 0x4006ABD: eval_tree (eval.c:1893)
           n1: 86037 0x40079EE: eval_tree (eval.c:2209)
            n1: 86037 0x4006EF7: eval_tree (eval.c:1974)
             n0: 86037 0x4009BCD: main (psi.c:69)
    n0: 24582 in 2 places, all below massif's threshold (1.00%)
   n0: 0 in 1 place, below massif's threshold (1.00%)
#-----------
snapshot=43
#-----------
time=10902811632
mem_heap_B=5776198
mem_heap_extra_B=3521994
mem_stacks_B=0
heap_tree=empty
#-----------
snapshot=44
#-----------
time=11290699824
mem_heap_B=4617765
mem_heap_extra_B=1737563
mem_stacks_B=0
heap_tree=empty
#-----------
snapshot=45
#-----------
time=11484643928
mem_heap_B=5489820
mem_heap_extra_B=2279580
mem_stacks_B=0
heap_tree=empty
#-----------
snapshot=46
#-----------
time=11678588056
mem_heap_B=5883928
mem_heap_extra_B=2527584
mem_stacks_B=0
heap_tree=empty
#-----------
snapshot=47
#-----------
time=11872532184
mem_heap_B=8446158
mem_heap_extra_B=4083130
mem_stacks_B=0
heap_tree=empty
#-----------
snapshot=48
#-----------
time=12260420344
mem_heap_B=7638317
mem_heap_extra_B=3605755
mem_stacks_B=0
heap_tree=empty
#-----------
snapshot=49
#-----------
time=12648308536
mem_heap_B=3437332
mem_heap_extra_B=1022020
mem_stacks_B=0
heap_tree=empty
#-----------
snapshot=50
#-----------
time=12809943320
mem_heap_B=4965010
mem_heap_extra_B=1991670
mem_stacks_B=0
heap_tree=empty
#-----------
snapshot=51
#-----------
time=12971578096
mem_heap_B=5532161
mem_heap_extra_B=2350127
mem_stacks_B=0
heap_tree=empty
#-----------
snapshot=52
#-----------
time=13133212872
mem_heap_B=6261722
mem_heap_extra_B=2801630
mem_stacks_B=0
heap_tree=empty
#-----------
snapshot=53
#-----------
time=13294847664
mem_heap_B=6272859
mem_heap_extra_B=2816949
mem_stacks_B=0
heap_tree=empty
#-----------
snapshot=54
#-----------
time=13456482464
mem_heap_B=9267449
mem_heap_extra_B=4633431
mem_stacks_B=0
heap_tree=empty
#-----------
snapshot=55
#-----------
time=13618117232
mem_heap_B=10038932
mem_heap_extra_B=5105948
mem_stacks_B=0
heap_tree=empty
#-----------
snapshot=56
#-----------
time=13779752000
mem_heap_B=7564770
mem_heap_extra_B=3614862
mem_stacks_B=0
heap_tree=empty
#-----------
snapshot=57
#-----------
time=13941386792
mem_heap_B=8997796
mem_heap_extra_B=4484548
mem_stacks_B=0
heap_tree=empty
#-----------
snapshot=58
#-----------
time=14103021560
mem_heap_B=2693008
mem_heap_extra_B=608296
mem_stacks_B=0
heap_tree=detailed
n10: 2693008 (heap allocation functions) malloc/new/new[], --alloc-fns, etc.
 n1: 1237294 0x400860C: lex (lexer.c:292)
  n2: 1237294 0x4004CF1: parse_help (eval.c:1281)
   n3: 1237294 0x4006EA4: eval_tree (eval.c:1965)
    n1: 1138966 0x4006232: eval_tree (eval.c:1700)
     n1: 1138966 0x400587E: eval_tree (eval.c:1529)
      n1: 1138966 0x400634E: eval_tree (eval.c:1726)
       n1: 1138966 0x4006232: eval_tree (eval.c:1700)
        n1: 1138966 0x4006872: eval_tree (eval.c:1844)
         n1: 1138966 0x40079EE: eval_tree (eval.c:2209)
          n1: 1138966 0x4006ABD: eval_tree (eval.c:1893)
           n1: 1138966 0x40079EE: eval_tree (eval.c:2209)
            n1: 1138966 0x4006EF7: eval_tree (eval.c:1974)
             n0: 1138966 0x4009BCD: main (psi.c:69)
    n0: 98328 0x4009BCD: main (psi.c:69)
    n0: 0 in 1 place, below massif's threshold (1.00%)
   n0: 0 in 1 place, below massif's threshold (1.00%)
 n1: 352342 0x400874C: lex (lexer.c:321)
  n2: 352342 0x4004CF1: parse_help (eval.c:1281)
   n2: 352342 0x4006EA4: eval_tree (eval.c:1965)
    n1: 327760 0x4006232: eval_tree (eval.c:1700)
     n1: 327760 0x400587E: eval_tree (eval.c:1529)
      n1: 327760 0x400634E: eval_tree (eval.c:1726)
       n1: 327760 0x4006232: eval_tree (eval.c:1700)
        n1: 327760 0x4006872: eval_tree (eval.c:1844)
         n1: 327760 0x40079EE: eval_tree (eval.c:2209)
          n1: 327760 0x4006ABD: eval_tree (eval.c:1893)
           n1: 327760 0x40079EE: eval_tree (eval.c:2209)
            n1: 327760 0x4006EF7: eval_tree (eval.c:1974)
             n0: 327760 0x4009BCD: main (psi.c:69)
    n0: 24582 in 2 places, all below massif's threshold (1.00%)
   n0: 0 in 1 place, below massif's threshold (1.00%)
 n1: 331857 0x400826D: lex (lexer.c:219)
  n2: 331857 0x4004CF1: parse_help (eval.c:1281)
   n2: 331857 0x4006EA4: eval_tree (eval.c:1965)
    n1: 307275 0x4006232: eval_tree (eval.c:1700)
     n1: 307275 0x400587E: eval_tree (eval.c:1529)
      n1: 307275 0x400634E: eval_tree (eval.c:1726)
       n1: 307275 0x4006232: eval_tree (eval.c:1700)
        n1: 307275 0x4006872: eval_tree (eval.c:1844)
         n1: 307275 0x40079EE: eval_tree (eval.c:2209)
          n1: 307275 0x4006ABD: eval_tree (eval.c:1893)
           n1: 307275 0x40079EE: eval_tree (eval.c:2209)
            n1: 307275 0x4006EF7: eval_tree (eval.c:1974)
             n0: 307275 0x4009BCD: main (psi.c:69)
    n0: 24582 in 2 places, all below massif's threshold (1.00%)
   n0: 0 in 1 place, below massif's threshold (1.00%)
 n2: 202872 0x400A9EB: pval_number (pvals.c:73)
  n2: 194688 0x4009E60: pval_copy (pval_utils.c:20)
   n4: 158064 0x4009F87: pval_copy (pval_utils.c:56)
    n1: 71376 0x4007926: eval_tree (eval.c:2196)
     n0: 71376 in 10 places, all below massif's threshold (1.00%)
    n1: 40320 0x40015AE: copy_env (env.c:68)
     n0: 40320 in 3 places, all below massif's threshold (1.00%)
    n2: 39576 0x40017C4: lookup_env_binding (env.c:150)
     n1: 39576 0x4005331: eval_tree (eval.c:1434)
      n0: 39576 in 4 places, all below massif's threshold (1.00%)
     n0: 0 in 1 place, below massif's threshold (1.00%)
    n0: 6792 in 21 places, all below massif's threshold (1.00%)
   n0: 36624 in 22 places, all below massif's threshold (1.00%)
  n0: 8184 in 14 places, all below massif's threshold (1.00%)
 n2: 190400 0x4009FE9: pval_add (pval_utils.c:71)
  n3: 161088 0x4009F99: pval_copy (pval_utils.c:56)
   n0: 64624 in 23 places, all below massif's threshold (1.00%)
   n2: 48880 0x4009F87: pval_copy (pval_utils.c:56)
    n1: 36192 0x4009F87: pval_copy (pval_utils.c:56)
     n0: 36192 in 13 places, all below massif's threshold (1.00%)
    n0: 12688 in 18 places, all below massif's threshold (1.00%)
   n1: 47584 0x4007926: eval_tree (eval.c:2196)
    n0: 47584 in 10 places, all below massif's threshold (1.00%)
  n0: 29312 in 66 places, all below massif's threshold (1.00%)
 n2: 138312 0x4001652: create_binding (env.c:91)
  n3: 136008 0x40015C3: copy_env (env.c:68)
   n2: 80256 0x40015F8: copy_env (env.c:74)
    n2: 72504 0x40015F8: copy_env (env.c:74)
     n2: 66528 0x4006148: eval_tree (eval.c:1685)
      n2: 66528 0x4005664: eval_tree (eval.c:1490)
       n2: 66528 0x4006EF7: eval_tree (eval.c:1974)
        n1: 49896 0x4006EF7: eval_tree (eval.c:1974)
         n1: 49896 0x4006232: eval_tree (eval.c:1700)
          n1: 49896 0x400587E: eval_tree (eval.c:1529)
           n1: 49896 0x400634E: eval_tree (eval.c:1726)
            n1: 49896 0x4006232: eval_tree (eval.c:1700)
             n1: 49896 0x4006872: eval_tree (eval.c:1844)
              n1: 49896 0x40079EE: eval_tree (eval.c:2209)
               n1: 49896 0x4006ABD: eval_tree (eval.c:1893)
                n1: 49896 0x40079EE: eval_tree (eval.c:2209)
                 n1: 49896 0x4006EF7: eval_tree (eval.c:1974)
                  n0: 49896 0x4009BCD: main (psi.c:69)
        n0: 16632 in 1 place, below massif's threshold (1.00%)
       n0: 0 in 1 place, below massif's threshold (1.00%)
      n0: 0 in 2 places, all below massif's threshold (1.00%)
     n0: 5976 in 2 places, all below massif's threshold (1.00%)
    n0: 7752 in 2 places, all below massif's threshold (1.00%)
   n2: 55536 0x4006148: eval_tree (eval.c:1685)
    n2: 55536 0x4005664: eval_tree (eval.c:1490)
     n2: 55536 0x4006EF7: eval_tree (eval.c:1974)
      n1: 39000 0x4006EF7: eval_tree (eval.c:1974)
       n1: 39000 0x4006232: eval_tree (eval.c:1700)
        n1: 39000 0x400587E: eval_tree (eval.c:1529)
         n1: 39000 0x400634E: eval_tree (eval.c:1726)
          n1: 39000 0x4006232: eval_tree (eval.c:1700)
           n1: 39000 0x4006872: eval_tree (eval.c:1844)
            n1: 39000 0x40079EE: eval_tree (eval.c:2209)
             n1: 39000 0x4006ABD: eval_tree (eval.c:1893)
              n1: 39000 0x40079EE: eval_tree (eval.c:2209)
               n1: 39000 0x4006EF7: eval_tree (eval.c:1974)
                n0: 39000 0x4009BCD: main (psi.c:69)
      n0: 16536 in 2 places, all below massif's threshold (1.00%)
     n0: 0 in 1 place, below massif's threshold (1.00%)
    n0: 0 in 2 places, all below massif's threshold (1.00%)
   n0: 216 in 1 place, below massif's threshold (1.00%)
  n0: 2304 in 37 places, all below massif's threshold (1.00%)
 n0: 104006 in 23 places, all below massif's threshold (1.00%)
 n2: 57648 0x400AA77: pval_symbol (pvals.c:95)
  n2: 56856 0x4009E80: pval_copy (pval_utils.c:24)
   n2: 54144 0x4009F87: pval_copy (pval_utils.c:56)
    n2: 44664 0x4009F87: pval_copy (pval_utils.c:56)
     n1: 34248 0x4009F87: pval_copy (pval_utils.c:56)
      n0: 34248 in 8 places, all below massif's threshold (1.00%)
     n0: 10416 in 9 places, all below massif's threshold (1.00%)
    n0: 9480 in 16 places, all below massif's threshold (1.00%)
   n0: 2712 in 17 places, all below massif's threshold (1.00%)
  n0: 792 in 42 places, all below massif's threshold (1.00%)
 n1: 40213 0x4927BEE: strdup (strdup.c:42)
  n0: 40213 in 3 places, all below massif's threshold (1.00%)
 n2: 38064 0x400ABB5: empty_list (pvals.c:141)
  n1: 36480 0x4009F62: pval_copy (pval_utils.c:51)
   n0: 36480 in 27 places, all below massif's threshold (1.00%)
  n0: 1584 in 31 places, all below massif's threshold (1.00%)
#-----------
snapshot=59
#-----------
time=14264656360
mem_heap_B=4032541
mem_heap_extra_B=1451611
mem_stacks_B=0
heap_tree=empty
#-----------
snapshot=60
#-----------
time=14426291152
mem_heap_B=5954166
mem_heap_extra_B=2637914
mem_stacks_B=0
heap_tree=empty
#-----------
snapshot=61
#-----------
time=14587925920
mem_heap_B=6332884
mem_heap_extra_B=2877356
mem_stacks_B=0
heap_tree=empty
#-----------
snapshot=62
#-----------
time=14749560704
mem_heap_B=7979702
mem_heap_extra_B=3882586
mem_stacks_B=0
heap_tree=empty
#-----------
snapshot=63
#-----------
time=14911195480
mem_heap_B=9083598
mem_heap_extra_B=4557658
mem_stacks_B=0
heap_tree=empty
#-----------
snapshot=64
#-----------
time=15072830264
mem_heap_B=9353295
mem_heap_extra_B=4725497
mem_stacks_B=0
heap_tree=empty
#-----------
snapshot=65
#-----------
time=15234465064
mem_heap_B=8641854
mem_heap_extra_B=4301146
mem_stacks_B=0
heap_tree=empty
#-----------
snapshot=66
#-----------
time=15396099856
mem_heap_B=9453201
mem_heap_extra_B=4795983
mem_stacks_B=0
heap_tree=empty
#-----------
snapshot=67
#-----------
time=15557734632
mem_heap_B=4355611
mem_heap_extra_B=1625677
mem_stacks_B=0
heap_tree=empty
#-----------
snapshot=68
#-----------
time=15719369432
mem_heap_B=3139901
mem_heap_extra_B=911515
mem_stacks_B=0
heap_tree=detailed
n11: 3139901 (heap allocation functions) malloc/new/new[], --alloc-fns, etc.
 n1: 1237294 0x400860C: lex (lexer.c:292)
  n2: 1237294 0x4004CF1: parse_help (eval.c:1281)
   n3: 1237294 0x4006EA4: eval_tree (eval.c:1965)
    n1: 1138966 0x4006232: eval_tree (eval.c:1700)
     n1: 1138966 0x400587E: eval_tree (eval.c:1529)
      n1: 1138966 0x400634E: eval_tree (eval.c:1726)
       n1: 1138966 0x4006232: eval_tree (eval.c:1700)
        n1: 1138966 0x4006872: eval_tree (eval.c:1844)
         n1: 1138966 0x40079EE: eval_tree (eval.c:2209)
          n1: 1138966 0x4006ABD: eval_tree (eval.c:1893)
           n1: 1138966 0x40079EE: eval_tree (eval.c:2209)
            n1: 1138966 0x4006EF7: eval_tree (eval.c:1974)
             n0: 1138966 0x4009BCD: main (psi.c:69)
    n0: 98328 0x4009BCD: main (psi.c:69)
    n0: 0 in 1 place, below massif's threshold (1.00%)
   n0: 0 in 1 place, below massif's threshold (1.00%)
 n1: 352342 0x400874C: lex (lexer.c:321)
  n2: 352342 0x4004CF1: parse_help (eval.c:1281)
   n2: 352342 0x4006EA4: eval_tree (eval.c:1965)
    n1: 327760 0x4006232: eval_tree (eval.c:1700)
     n1: 327760 0x400587E: eval_tree (eval.c:1529)
      n1: 327760 0x400634E: eval_tree (eval.c:1726)
       n1: 327760 0x4006232: eval_tree (eval.c:1700)
        n1: 327760 0x4006872: eval_tree (eval.c:1844)
         n1: 327760 0x40079EE: eval_tree (eval.c:2209)
          n1: 327760 0x4006ABD: eval_tree (eval.c:1893)
           n1: 327760 0x40079EE: eval_tree (eval.c:2209)
            n1: 327760 0x4006EF7: eval_tree (eval.c:1974)
             n0: 327760 0x4009BCD: main (psi.c:69)
    n0: 24582 in 2 places, all below massif's threshold (1.00%)
   n0: 0 in 1 place, below massif's threshold (1.00%)
 n1: 331857 0x400826D: lex (lexer.c:219)
  n2: 331857 0x4004CF1: parse_help (eval.c:1281)
   n2: 331857 0x4006EA4: eval_tree (eval.c:1965)
    n1: 307275 0x4006232: eval_tree (eval.c:1700)
     n1: 307275 0x400587E: eval_tree (eval.c:1529)
      n1: 307275 0x400634E: eval_tree (eval.c:1726)
       n1: 307275 0x4006232: eval_tree (eval.c:1700)
        n1: 307275 0x4006872: eval_tree (eval.c:1844)
         n1: 307275 0x40079EE: eval_tree (eval.c:2209)
          n1: 307275 0x4006ABD: eval_tree (eval.c:1893)
           n1: 307275 0x40079EE: eval_tree (eval.c:2209)
            n1: 307275 0x4006EF7: eval_tree (eval.c:1974)
             n0: 307275 0x4009BCD: main (psi.c:69)
    n0: 24582 in 2 places, all below massif's threshold (1.00%)
   n0: 0 in 1 place, below massif's threshold (1.00%)
 n2: 319024 0x4009FE9: pval_add (pval_utils.c:71)
  n3: 284752 0x4009F99: pval_copy (pval_utils.c:56)
   n3: 135904 0x4009F87: pval_copy (pval_utils.c:56)
    n2: 73920 0x4007926: eval_tree (eval.c:2196)
     n2: 68544 0x4007519: eval_tree (eval.c:2083)
      n1: 68544 0x4005830: eval_tree (eval.c:1523)
       n2: 68544 0x40079EE: eval_tree (eval.c:2209)
        n2: 63232 0x4007519: eval_tree (eval.c:2083)
         n1: 63232 0x4005830: eval_tree (eval.c:1523)
          n2: 63232 0x40079EE: eval_tree (eval.c:2209)
           n1: 57984 0x4007519: eval_tree (eval.c:2083)
            n1: 57984 0x4005830: eval_tree (eval.c:1523)
             n2: 57984 0x40079EE: eval_tree (eval.c:2209)
              n1: 52800 0x4007519: eval_tree (eval.c:2083)
               n1: 52800 0x4005830: eval_tree (eval.c:1523)
                n2: 52800 0x40079EE: eval_tree (eval.c:2209)
                 n1: 47680 0x4007519: eval_tree (eval.c:2083)
                  n1: 47680 0x4005830: eval_tree (eval.c:1523)
                   n2: 47680 0x40079EE: eval_tree (eval.c:2209)
                    n1: 42624 0x4007519: eval_tree (eval.c:2083)
                     n1: 42624 0x4005830: eval_tree (eval.c:1523)
                      n1: 42624 0x40079EE: eval_tree (eval.c:2209)
                       n0: 42624 in 2 places, all below massif's threshold (1.00%)
                    n0: 5056 in 1 place, below massif's threshold (1.00%)
                 n0: 5120 in 1 place, below massif's threshold (1.00%)
              n0: 5184 in 1 place, below massif's threshold (1.00%)
           n0: 5248 in 1 place, below massif's threshold (1.00%)
         n0: 0 in 1 place, below massif's threshold (1.00%)
        n0: 5312 in 1 place, below massif's threshold (1.00%)
      n0: 0 in 1 place, below massif's threshold (1.00%)
     n0: 5376 in 7 places, all below massif's threshold (1.00%)
    n1: 45712 0x4009F87: pval_copy (pval_utils.c:56)
     n0: 45712 in 13 places, all below massif's threshold (1.00%)
    n0: 16272 in 17 places, all below massif's threshold (1.00%)
   n0: 75904 in 23 places, all below massif's threshold (1.00%)
   n1: 72944 0x40031B7: tail (eval.c:744)
    n2: 72944 0x400758D: eval_tree (eval.c:2094)
     n2: 72944 0x400763A: eval_tree (eval.c:2121)
      n1: 72944 0x4007519: eval_tree (eval.c:2083)
       n1: 72944 0x4005830: eval_tree (eval.c:1523)
        n2: 72944 0x40079EE: eval_tree (eval.c:2209)
         n2: 67632 0x4007519: eval_tree (eval.c:2083)
          n1: 67632 0x4005830: eval_tree (eval.c:1523)
           n2: 67632 0x40079EE: eval_tree (eval.c:2209)
            n1: 62384 0x4007519: eval_tree (eval.c:2083)
             n1: 62384 0x4005830: eval_tree (eval.c:1523)
              n2: 62384 0x40079EE: eval_tree (eval.c:2209)
               n1: 57200 0x4007519: eval_tree (eval.c:2083)
                n1: 57200 0x4005830: eval_tree (eval.c:1523)
                 n2: 57200 0x40079EE: eval_tree (eval.c:2209)
                  n1: 52080 0x4007519: eval_tree (eval.c:2083)
                   n1: 52080 0x4005830: eval_tree (eval.c:1523)
                    n2: 52080 0x40079EE: eval_tree (eval.c:2209)
                     n1: 47024 0x4007519: eval_tree (eval.c:2083)
                      n1: 47024 0x4005830: eval_tree (eval.c:1523)
                       n2: 47024 0x40079EE: eval_tree (eval.c:2209)
                        n1: 42032 0x4007519: eval_tree (eval.c:2083)
                         n1: 42032 0x4005830: eval_tree (eval.c:1523)
                          n1: 42032 0x40079EE: eval_tree (eval.c:2209)
                           n0: 42032 in 2 places, all below massif's threshold (1.00%)
                        n0: 4992 in 1 place, below massif's threshold (1.00%)
                     n0: 5056 in 1 place, below massif's threshold (1.00%)
                  n0: 5120 in 1 place, below massif's threshold (1.00%)
               n0: 5184 in 1 place, below massif's threshold (1.00%)
            n0: 5248 in 1 place, below massif's threshold (1.00%)
          n0: 0 in 1 place, below massif's threshold (1.00%)
         n0: 5312 in 1 place, below massif's threshold (1.00%)
      n0: 0 in 2 places, all below massif's threshold (1.00%)
     n0: 0 in 1 place, below massif's threshold (1.00%)
  n0: 34272 in 66 places, all below massif's threshold (1.00%)
 n2: 317328 0x400A9EB: pval_number (pvals.c:73)
  n2: 308880 0x4009E60: pval_copy (pval_utils.c:20)
   n3: 293688 0x4009F87: pval_copy (pval_utils.c:56)
    n2: 119592 0x4009F87: pval_copy (pval_utils.c:56)
     n2: 110880 0x4007926: eval_tree (eval.c:2196)
      n2: 102816 0x4007519: eval_tree (eval.c:2083)
       n1: 102816 0x4005830: eval_tree (eval.c:1523)
        n2: 102816 0x40079EE: eval_tree (eval.c:2209)
         n2: 94848 0x4007519: eval_tree (eval.c:2083)
          n1: 94848 0x4005830: eval_tree (eval.c:1523)
           n2: 94848 0x40079EE: eval_tree (eval.c:2209)
            n1: 86976 0x4007519: eval_tree (eval.c:2083)
             n1: 86976 0x4005830: eval_tree (eval.c:1523)
              n2: 86976 0x40079EE: eval_tree (eval.c:2209)
               n1: 79200 0x4007519: eval_tree (eval.c:2083)
                n1: 79200 0x4005830: eval_tree (eval.c:1523)
                 n2: 79200 0x40079EE: eval_tree (eval.c:2209)
                  n1: 71520 0x4007519: eval_tree (eval.c:2083)
                   n1: 71520 0x4005830: eval_tree (eval.c:1523)
                    n2: 71520 0x40079EE: eval_tree (eval.c:2209)
                     n1: 63936 0x4007519: eval_tree (eval.c:2083)
                      n1: 63936 0x4005830: eval_tree (eval.c:1523)
                       n2: 63936 0x40079EE: eval_tree (eval.c:2209)
                        n1: 56448 0x4007519: eval_tree (eval.c:2083)
                         n1: 56448 0x4005830: eval_tree (eval.c:1523)
                          n2: 56448 0x40079EE: eval_tree (eval.c:2209)
                           n1: 49056 0x4007519: eval_tree (eval.c:2083)
                            n1: 49056 0x4005830: eval_tree (eval.c:1523)
                             n2: 49056 0x40079EE: eval_tree (eval.c:2209)
                              n0: 41760 0x4007519: eval_tree (eval.c:2083)
                              n0: 7296 in 1 place, below massif's threshold (1.00%)
                           n0: 7392 in 1 place, below massif's threshold (1.00%)
                        n0: 7488 in 1 place, below massif's threshold (1.00%)
                     n0: 7584 in 1 place, below massif's threshold (1.00%)
                  n0: 7680 in 1 place, below massif's threshold (1.00%)
               n0: 7776 in 1 place, below massif's threshold (1.00%)
            n0: 7872 in 1 place, below massif's threshold (1.00%)
          n0: 0 in 1 place, below massif's threshold (1.00%)
         n0: 7968 in 1 place, below massif's threshold (1.00%)
       n0: 0 in 1 place, below massif's threshold (1.00%)
      n0: 8064 in 7 places, all below massif's threshold (1.00%)
     n0: 8712 in 17 places, all below massif's threshold (1.00%)
    n1: 109392 0x40031B7: tail (eval.c:744)
     n2: 109392 0x400758D: eval_tree (eval.c:2094)
      n2: 109392 0x400763A: eval_tree (eval.c:2121)
       n1: 109392 0x4007519: eval_tree (eval.c:2083)
        n1: 109392 0x4005830: eval_tree (eval.c:1523)
         n2: 109392 0x40079EE: eval_tree (eval.c:2209)
          n2: 101424 0x4007519: eval_tree (eval.c:2083)
           n1: 101424 0x4005830: eval_tree (eval.c:1523)
            n2: 101424 0x40079EE: eval_tree (eval.c:2209)
             n1: 93552 0x4007519: eval_tree (eval.c:2083)
              n1: 93552 0x4005830: eval_tree (eval.c:1523)
               n2: 93552 0x40079EE: eval_tree (eval.c:2209)
                n1: 85776 0x4007519: eval_tree (eval.c:2083)
                 n1: 85776 0x4005830: eval_tree (eval.c:1523)
                  n2: 85776 0x40079EE: eval_tree (eval.c:2209)
                   n1: 78096 0x4007519: eval_tree (eval.c:2083)
                    n1: 78096 0x4005830: eval_tree (eval.c:1523)
                     n2: 78096 0x40079EE: eval_tree (eval.c:2209)
                      n1: 70512 0x4007519: eval_tree (eval.c:2083)
                       n1: 70512 0x4005830: eval_tree (eval.c:1523)
                        n2: 70512 0x40079EE: eval_tree (eval.c:2209)
                         n1: 63024 0x4007519: eval_tree (eval.c:2083)
                          n1: 63024 0x4005830: eval_tree (eval.c:1523)
                           n2: 63024 0x40079EE: eval_tree (eval.c:2209)
                            n1: 55632 0x4007519: eval_tree (eval.c:2083)
                             n1: 55632 0x4005830: eval_tree (eval.c:1523)
                              n0: 55632 0x40079EE: eval_tree (eval.c:2209)
                            n0: 7392 in 1 place, below massif's threshold (1.00%)
                         n0: 7488 in 1 place, below massif's threshold (1.00%)
                      n0: 7584 in 1 place, below massif's threshold (1.00%)
                   n0: 7680 in 1 place, below massif's threshold (1.00%)
                n0: 7776 in 1 place, below massif's threshold (1.00%)
             n0: 7872 in 1 place, below massif's threshold (1.00%)
           n0: 0 in 1 place, below massif's threshold (1.00%)
          n0: 7968 in 1 place, below massif's threshold (1.00%)
       n0: 0 in 2 places, all below massif's threshold (1.00%)
      n0: 0 in 1 place, below massif's threshold (1.00%)
    n0: 64704 in 22 places, all below massif's threshold (1.00%)
   n0: 15192 in 22 places, all below massif's threshold (1.00%)
  n0: 8448 in 14 places, all below massif's threshold (1.00%)
 n2: 185256 0x4001652: create_binding (env.c:91)
  n3: 182376 0x40015C3: copy_env (env.c:68)
   n2: 104448 0x40015F8: copy_env (env.c:74)
    n2: 94680 0x40015F8: copy_env (env.c:74)
     n2: 88704 0x4006148: eval_tree (eval.c:1685)
      n2: 88704 0x4005664: eval_tree (eval.c:1490)
       n2: 88704 0x4006EF7: eval_tree (eval.c:1974)
        n1: 66528 0x4006EF7: eval_tree (eval.c:1974)
         n1: 66528 0x4006232: eval_tree (eval.c:1700)
          n1: 66528 0x400587E: eval_tree (eval.c:1529)
           n1: 66528 0x400634E: eval_tree (eval.c:1726)
            n1: 66528 0x4006232: eval_tree (eval.c:1700)
             n1: 66528 0x4006872: eval_tree (eval.c:1844)
              n1: 66528 0x40079EE: eval_tree (eval.c:2209)
               n1: 66528 0x4006ABD: eval_tree (eval.c:1893)
                n1: 66528 0x40079EE: eval_tree (eval.c:2209)
                 n1: 66528 0x4006EF7: eval_tree (eval.c:1974)
                  n0: 66528 0x4009BCD: main (psi.c:69)
        n0: 22176 in 1 place, below massif's threshold (1.00%)
       n0: 0 in 1 place, below massif's threshold (1.00%)
      n0: 0 in 2 places, all below massif's threshold (1.00%)
     n0: 5976 in 2 places, all below massif's threshold (1.00%)
    n0: 9768 in 2 places, all below massif's threshold (1.00%)
   n2: 77712 0x4006148: eval_tree (eval.c:1685)
    n2: 77712 0x4005664: eval_tree (eval.c:1490)
     n2: 77712 0x4006EF7: eval_tree (eval.c:1974)
      n1: 55632 0x4006EF7: eval_tree (eval.c:1974)
       n1: 55632 0x4006232: eval_tree (eval.c:1700)
        n1: 55632 0x400587E: eval_tree (eval.c:1529)
         n1: 55632 0x400634E: eval_tree (eval.c:1726)
          n1: 55632 0x4006232: eval_tree (eval.c:1700)
           n1: 55632 0x4006872: eval_tree (eval.c:1844)
            n1: 55632 0x40079EE: eval_tree (eval.c:2209)
             n1: 55632 0x4006ABD: eval_tree (eval.c:1893)
              n1: 55632 0x40079EE: eval_tree (eval.c:2209)
               n1: 55632 0x4006EF7: eval_tree (eval.c:1974)
                n0: 55632 0x4009BCD: main (psi.c:69)
      n0: 22080 in 2 places, all below massif's threshold (1.00%)
     n0: 0 in 1 place, below massif's threshold (1.00%)
    n0: 0 in 2 places, all below massif's threshold (1.00%)
   n0: 216 in 1 place, below massif's threshold (1.00%)
  n0: 2880 in 37 places, all below massif's threshold (1.00%)
 n2: 105552 0x400ABB5: empty_list (pvals.c:141)
  n2: 103320 0x4009F62: pval_copy (pval_utils.c:51)
   n1: 64320 0x4009F87: pval_copy (pval_utils.c:56)
    n0: 64320 in 19 places, all below massif's threshold (1.00%)
   n0: 39000 in 26 places, all below massif's threshold (1.00%)
  n0: 2232 in 31 places, all below massif's threshold (1.00%)
 n0: 95067 in 22 places, all below massif's threshold (1.00%)
 n2: 72624 0x400AA77: pval_symbol (pvals.c:95)
  n2: 71832 0x4009E80: pval_copy (pval_utils.c:24)
   n2: 68424 0x4009F87: pval_copy (pval_utils.c:56)
    n2: 56424 0x4009F87: pval_copy (pval_utils.c:56)
     n1: 43104 0x4009F87: pval_copy (pval_utils.c:56)
      n0: 43104 in 8 places, all below massif's threshold (1.00%)
     n0: 13320 in 9 places, all below massif's threshold (1.00%)
    n0: 12000 in 16 places, all below massif's threshold (1.00%)
   n0: 3408 in 17 places, all below massif's threshold (1.00%)
  n0: 792 in 42 places, all below massif's threshold (1.00%)
 n2: 70368 0x400ABD9: empty_list (pvals.c:146)
  n2: 68880 0x4009F62: pval_copy (pval_utils.c:51)
   n1: 42880 0x4009F87: pval_copy (pval_utils.c:56)
    n0: 42880 in 19 places, all below massif's threshold (1.00%)
   n0: 26000 in 26 places, all below massif's threshold (1.00%)
  n0: 1488 in 31 places, all below massif's threshold (1.00%)
 n2: 53189 0x4927BEE: strdup (strdup.c:42)
  n2: 42090 0x4001662: create_binding (env.c:93)
   n1: 41537 0x40015C3: copy_env (env.c:68)
    n0: 41537 in 3 places, all below massif's threshold (1.00%)
   n0: 553 in 37 places, all below massif's threshold (1.00%)
  n0: 11099 in 2 places, all below massif's threshold (1.00%)
#-----------
snapshot=69
#-----------
time=15881004208
mem_heap_B=5649427
mem_heap_extra_B=2485901
mem_stacks_B=0
heap_tree=empty
#-----------
snapshot=70
#-----------
time=16042639000
mem_heap_B=6350736
mem_heap_extra_B=2923016
mem_stacks_B=0
heap_tree=empty
#-----------
snapshot=71
#-----------
time=16204273800
mem_heap_B=8138894
mem_heap_extra_B=4014970
mem_stacks_B=0
heap_tree=empty
#-----------
snapshot=72
#-----------
time=16365908576
mem_heap_B=7761788
mem_heap_extra_B=3793140
mem_stacks_B=0
heap_tree=empty
#-----------
snapshot=73
#-----------
time=16527543368
mem_heap_B=8808754
mem_heap_extra_B=4431846
mem_stacks_B=0
heap_tree=empty
#-----------
snapshot=74
#-----------
time=16689178152
mem_heap_B=10145108
mem_heap_extra_B=5246068
mem_stacks_B=0
heap_tree=empty
#-----------
snapshot=75
#-----------
time=16850812944
mem_heap_B=9735252
mem_heap_extra_B=5002092
mem_stacks_B=0
heap_tree=empty
#-----------
snapshot=76
#-----------
time=17012447720
mem_heap_B=11748124
mem_heap_extra_B=6225772
mem_stacks_B=0
heap_tree=empty
#-----------
snapshot=77
#-----------
time=17174082496
mem_heap_B=3422664
mem_heap_extra_B=1125112
mem_stacks_B=0
heap_tree=empty
#-----------
snapshot=78
#-----------
time=17335717280
mem_heap_B=5132942
mem_heap_extra_B=2202594
mem_stacks_B=0
heap_tree=detailed
n11: 5132942 (heap allocation functions) malloc/new/new[], --alloc-fns, etc.
 n1: 1237294 0x400860C: lex (lexer.c:292)
  n2: 1237294 0x4004CF1: parse_help (eval.c:1281)
   n3: 1237294 0x4006EA4: eval_tree (eval.c:1965)
    n1: 1138966 0x4006232: eval_tree (eval.c:1700)
     n1: 1138966 0x400587E: eval_tree (eval.c:1529)
      n1: 1138966 0x400634E: eval_tree (eval.c:1726)
       n1: 1138966 0x4006232: eval_tree (eval.c:1700)
        n1: 1138966 0x4006872: eval_tree (eval.c:1844)
         n1: 1138966 0x40079EE: eval_tree (eval.c:2209)
          n1: 1138966 0x4006ABD: eval_tree (eval.c:1893)
           n1: 1138966 0x40079EE: eval_tree (eval.c:2209)
            n1: 1138966 0x4006EF7: eval_tree (eval.c:1974)
             n0: 1138966 0x4009BCD: main (psi.c:69)
    n0: 98328 0x4009BCD: main (psi.c:69)
    n0: 0 in 1 place, below massif's threshold (1.00%)
   n0: 0 in 1 place, below massif's threshold (1.00%)
 n2: 1180680 0x400A9EB: pval_number (pvals.c:73)
  n3: 1172592 0x4009E60: pval_copy (pval_utils.c:20)
   n5: 992568 0x4009F87: pval_copy (pval_utils.c:56)
    n3: 400560 0x4009F87: pval_copy (pval_utils.c:56)
     n2: 194880 0x40015AE: copy_env (env.c:68)
      n2: 194880 0x4005D47: eval_tree (eval.c:1617)
       n1: 194880 0x40074C5: eval_tree (eval.c:2073)
        n2: 194880 0x4006ABD: eval_tree (eval.c:1893)
         n1: 194880 0x4005830: eval_tree (eval.c:1523)
          n2: 194880 0x40079EE: eval_tree (eval.c:2209)
           n1: 186816 0x4006872: eval_tree (eval.c:1844)
            n1: 186816 0x40079EE: eval_tree (eval.c:2209)
             n1: 186816 0x4006ABD: eval_tree (eval.c:1893)
              n1: 186816 0x4005830: eval_tree (eval.c:1523)
               n2: 186816 0x40079EE: eval_tree (eval.c:2209)
                n1: 178848 0x4006872: eval_tree (eval.c:1844)
                 n1: 178848 0x40079EE: eval_tree (eval.c:2209)
                  n1: 178848 0x4006ABD: eval_tree (eval.c:1893)
                   n1: 178848 0x4005830: eval_tree (eval.c:1523)
                    n2: 178848 0x40079EE: eval_tree (eval.c:2209)
                     n1: 170976 0x4006872: eval_tree (eval.c:1844)
                      n1: 170976 0x40079EE: eval_tree (eval.c:2209)
                       n1: 170976 0x4006ABD: eval_tree (eval.c:1893)
                        n1: 170976 0x4005830: eval_tree (eval.c:1523)
                         n2: 170976 0x40079EE: eval_tree (eval.c:2209)
                          n1: 163200 0x4006872: eval_tree (eval.c:1844)
                           n1: 163200 0x40079EE: eval_tree (eval.c:2209)
                            n1: 163200 0x4006ABD: eval_tree (eval.c:1893)
                             n1: 163200 0x4005830: eval_tree (eval.c:1523)
                              n0: 163200 0x40079EE: eval_tree (eval.c:2209)
                          n0: 7776 in 2 places, all below massif's threshold (1.00%)
                     n0: 7872 in 2 places, all below massif's threshold (1.00%)
                n0: 7968 in 2 places, all below massif's threshold (1.00%)
           n0: 8064 in 2 places, all below massif's threshold (1.00%)
         n0: 0 in 1 place, below massif's threshold (1.00%)
       n0: 0 in 1 place, below massif's threshold (1.00%)
      n0: 0 in 1 place, below massif's threshold (1.00%)
     n2: 194880 0x4007926: eval_tree (eval.c:2196)
      n1: 186816 0x4006872: eval_tree (eval.c:1844)
       n1: 186816 0x40079EE: eval_tree (eval.c:2209)
        n1: 186816 0x4006ABD: eval_tree (eval.c:1893)
         n1: 186816 0x4005830: eval_tree (eval.c:1523)
          n2: 186816 0x40079EE: eval_tree (eval.c:2209)
           n1: 178848 0x4006872: eval_tree (eval.c:1844)
            n1: 178848 0x40079EE: eval_tree (eval.c:2209)
             n1: 178848 0x4006ABD: eval_tree (eval.c:1893)
              n1: 178848 0x4005830: eval_tree (eval.c:1523)
               n2: 178848 0x40079EE: eval_tree (eval.c:2209)
                n1: 170976 0x4006872: eval_tree (eval.c:1844)
                 n1: 170976 0x40079EE: eval_tree (eval.c:2209)
                  n1: 170976 0x4006ABD: eval_tree (eval.c:1893)
                   n1: 170976 0x4005830: eval_tree (eval.c:1523)
                    n2: 170976 0x40079EE: eval_tree (eval.c:2209)
                     n1: 163200 0x4006872: eval_tree (eval.c:1844)
                      n1: 163200 0x40079EE: eval_tree (eval.c:2209)
                       n1: 163200 0x4006ABD: eval_tree (eval.c:1893)
                        n1: 163200 0x4005830: eval_tree (eval.c:1523)
                         n2: 163200 0x40079EE: eval_tree (eval.c:2209)
                          n1: 155520 0x4006872: eval_tree (eval.c:1844)
                           n1: 155520 0x40079EE: eval_tree (eval.c:2209)
                            n1: 155520 0x4006ABD: eval_tree (eval.c:1893)
                             n1: 155520 0x4005830: eval_tree (eval.c:1523)
                              n0: 155520 0x40079EE: eval_tree (eval.c:2209)
                          n0: 7680 in 1 place, below massif's threshold (1.00%)
                     n0: 7776 in 2 places, all below massif's threshold (1.00%)
                n0: 7872 in 2 places, all below massif's threshold (1.00%)
           n0: 7968 in 2 places, all below massif's threshold (1.00%)
      n0: 8064 in 7 places, all below massif's threshold (1.00%)
     n0: 10800 in 16 places, all below massif's threshold (1.00%)
    n2: 192192 0x40015AE: copy_env (env.c:68)
     n2: 133056 0x40015F8: copy_env (env.c:74)
      n2: 114912 0x40015F8: copy_env (env.c:74)
       n2: 96768 0x40015F8: copy_env (env.c:74)
        n1: 76608 0x40015F8: copy_env (env.c:74)
         n0: 76608 in 3 places, all below massif's threshold (1.00%)
        n0: 20160 in 2 places, all below massif's threshold (1.00%)
       n0: 18144 in 2 places, all below massif's threshold (1.00%)
      n0: 18144 in 1 place, below massif's threshold (1.00%)
     n0: 59136 in 2 places, all below massif's threshold (1.00%)
    n2: 189144 0x4007926: eval_tree (eval.c:2196)
     n2: 124440 0x4007519: eval_tree (eval.c:2083)
      n2: 124440 0x4005830: eval_tree (eval.c:1523)
       n2: 124440 0x40079EE: eval_tree (eval.c:2209)
        n2: 121680 0x4007519: eval_tree (eval.c:2083)
         n2: 121680 0x4005830: eval_tree (eval.c:1523)
          n2: 121680 0x40079EE: eval_tree (eval.c:2209)
           n2: 118944 0x4007519: eval_tree (eval.c:2083)
            n2: 118944 0x4005830: eval_tree (eval.c:1523)
             n2: 118944 0x40079EE: eval_tree (eval.c:2209)
              n2: 116232 0x4007519: eval_tree (eval.c:2083)
               n2: 116232 0x4005830: eval_tree (eval.c:1523)
                n2: 116232 0x40079EE: eval_tree (eval.c:2209)
                 n2: 113544 0x4007519: eval_tree (eval.c:2083)
                  n2: 113544 0x4005830: eval_tree (eval.c:1523)
                   n2: 113544 0x40079EE: eval_tree (eval.c:2209)
                    n2: 110880 0x4007519: eval_tree (eval.c:2083)
                     n1: 110880 0x4005830: eval_tree (eval.c:1523)
                      n2: 110880 0x40079EE: eval_tree (eval.c:2209)
                       n2: 108240 0x4007519: eval_tree (eval.c:2083)
                        n1: 108240 0x4005830: eval_tree (eval.c:1523)
                         n2: 108240 0x40079EE: eval_tree (eval.c:2209)
                          n2: 105624 0x4007519: eval_tree (eval.c:2083)
                           n1: 105624 0x4005830: eval_tree (eval.c:1523)
                            n2: 105624 0x40079EE: eval_tree (eval.c:2209)
                             n2: 103032 0x4007519: eval_tree (eval.c:2083)
                              n0: 103032 0x4005830: eval_tree (eval.c:1523)
                              n0: 0 in 1 place, below massif's threshold (1.00%)
                             n0: 2592 in 1 place, below massif's threshold (1.00%)
                           n0: 0 in 1 place, below massif's threshold (1.00%)
                          n0: 2616 in 1 place, below massif's threshold (1.00%)
                        n0: 0 in 1 place, below massif's threshold (1.00%)
                       n0: 2640 in 1 place, below massif's threshold (1.00%)
                     n0: 0 in 1 place, below massif's threshold (1.00%)
                    n0: 2664 in 1 place, below massif's threshold (1.00%)
                   n0: 0 in 1 place, below massif's threshold (1.00%)
                  n0: 0 in 1 place, below massif's threshold (1.00%)
                 n0: 2688 in 1 place, below massif's threshold (1.00%)
                n0: 0 in 1 place, below massif's threshold (1.00%)
               n0: 0 in 2 places, all below massif's threshold (1.00%)
              n0: 2712 in 1 place, below massif's threshold (1.00%)
             n0: 0 in 1 place, below massif's threshold (1.00%)
            n0: 0 in 2 places, all below massif's threshold (1.00%)
           n0: 2736 in 2 places, all below massif's threshold (1.00%)
          n0: 0 in 1 place, below massif's threshold (1.00%)
         n0: 0 in 2 places, all below massif's threshold (1.00%)
        n0: 2760 in 2 places, all below massif's threshold (1.00%)
       n0: 0 in 1 place, below massif's threshold (1.00%)
      n0: 0 in 3 places, all below massif's threshold (1.00%)
     n0: 64704 in 9 places, all below massif's threshold (1.00%)
    n1: 186816 0x40031B7: tail (eval.c:744)
     n2: 186816 0x400758D: eval_tree (eval.c:2094)
      n2: 186816 0x400763A: eval_tree (eval.c:2121)
       n1: 186816 0x4006872: eval_tree (eval.c:1844)
        n1: 186816 0x40079EE: eval_tree (eval.c:2209)
         n1: 186816 0x4006ABD: eval_tree (eval.c:1893)
          n1: 186816 0x4005830: eval_tree (eval.c:1523)
           n2: 186816 0x40079EE: eval_tree (eval.c:2209)
            n1: 178848 0x4006872: eval_tree (eval.c:1844)
             n1: 178848 0x40079EE: eval_tree (eval.c:2209)
              n1: 178848 0x4006ABD: eval_tree (eval.c:1893)
               n1: 178848 0x4005830: eval_tree (eval.c:1523)
                n2: 178848 0x40079EE: eval_tree (eval.c:2209)
                 n1: 170976 0x4006872: eval_tree (eval.c:1844)
                  n1: 170976 0x40079EE: eval_tree (eval.c:2209)
                   n1: 170976 0x4006ABD: eval_tree (eval.c:1893)
                    n1: 170976 0x4005830: eval_tree (eval.c:1523)
                     n2: 170976 0x40079EE: eval_tree (eval.c:2209)
                      n1: 163200 0x4006872: eval_tree (eval.c:1844)
                       n1: 163200 0x40079EE: eval_tree (eval.c:2209)
                        n1: 163200 0x4006ABD: eval_tree (eval.c:1893)
                         n1: 163200 0x4005830: eval_tree (eval.c:1523)
                          n2: 163200 0x40079EE: eval_tree (eval.c:2209)
                           n1: 155520 0x4006872: eval_tree (eval.c:1844)
                            n1: 155520 0x40079EE: eval_tree (eval.c:2209)
                             n1: 155520 0x4006ABD: eval_tree (eval.c:1893)
                              n0: 155520 0x4005830: eval_tree (eval.c:1523)
                           n0: 7680 in 1 place, below massif's threshold (1.00%)
                      n0: 7776 in 2 places, all below massif's threshold (1.00%)
                 n0: 7872 in 2 places, all below massif's threshold (1.00%)
            n0: 7968 in 2 places, all below massif's threshold (1.00%)
       n0: 0 in 2 places, all below massif's threshold (1.00%)
      n0: 0 in 1 place, below massif's threshold (1.00%)
    n0: 23856 in 20 places, all below massif's threshold (1.00%)
   n1: 118584 0x40031B7: tail (eval.c:744)
    n2: 118584 0x400758D: eval_tree (eval.c:2094)
     n2: 118584 0x400763A: eval_tree (eval.c:2121)
      n2: 118584 0x4007519: eval_tree (eval.c:2083)
       n1: 118584 0x4005830: eval_tree (eval.c:1523)
        n2: 118584 0x40079EE: eval_tree (eval.c:2209)
         n2: 115920 0x4007519: eval_tree (eval.c:2083)
          n2: 115920 0x4005830: eval_tree (eval.c:1523)
           n2: 115920 0x40079EE: eval_tree (eval.c:2209)
            n2: 113280 0x4007519: eval_tree (eval.c:2083)
             n2: 113280 0x4005830: eval_tree (eval.c:1523)
              n2: 113280 0x40079EE: eval_tree (eval.c:2209)
               n2: 110664 0x4007519: eval_tree (eval.c:2083)
                n2: 110664 0x4005830: eval_tree (eval.c:1523)
                 n2: 110664 0x40079EE: eval_tree (eval.c:2209)
                  n2: 108072 0x4007519: eval_tree (eval.c:2083)
                   n2: 108072 0x4005830: eval_tree (eval.c:1523)
                    n2: 108072 0x40079EE: eval_tree (eval.c:2209)
                     n2: 105504 0x4007519: eval_tree (eval.c:2083)
                      n1: 105504 0x4005830: eval_tree (eval.c:1523)
                       n2: 105504 0x40079EE: eval_tree (eval.c:2209)
                        n2: 102960 0x4007519: eval_tree (eval.c:2083)
                         n1: 102960 0x4005830: eval_tree (eval.c:1523)
                          n2: 102960 0x40079EE: eval_tree (eval.c:2209)
                           n2: 100440 0x4007519: eval_tree (eval.c:2083)
                            n1: 100440 0x4005830: eval_tree (eval.c:1523)
                             n2: 100440 0x40079EE: eval_tree (eval.c:2209)
                              n0: 97944 0x4007519: eval_tree (eval.c:2083)
                              n0: 2496 in 1 place, below massif's threshold (1.00%)
                            n0: 0 in 1 place, below massif's threshold (1.00%)
                           n0: 2520 in 1 place, below massif's threshold (1.00%)
                         n0: 0 in 1 place, below massif's threshold (1.00%)
                        n0: 2544 in 1 place, below massif's threshold (1.00%)
                      n0: 0 in 1 place, below massif's threshold (1.00%)
                     n0: 2568 in 1 place, below massif's threshold (1.00%)
                    n0: 0 in 1 place, below massif's threshold (1.00%)
                   n0: 0 in 1 place, below massif's threshold (1.00%)
                  n0: 2592 in 1 place, below massif's threshold (1.00%)
                 n0: 0 in 1 place, below massif's threshold (1.00%)
                n0: 0 in 2 places, all below massif's threshold (1.00%)
               n0: 2616 in 1 place, below massif's threshold (1.00%)
              n0: 0 in 1 place, below massif's threshold (1.00%)
             n0: 0 in 2 places, all below massif's threshold (1.00%)
            n0: 2640 in 2 places, all below massif's threshold (1.00%)
           n0: 0 in 1 place, below massif's threshold (1.00%)
          n0: 0 in 2 places, all below massif's threshold (1.00%)
         n0: 2664 in 2 places, all below massif's threshold (1.00%)
       n0: 0 in 1 place, below massif's threshold (1.00%)
      n0: 0 in 3 places, all below massif's threshold (1.00%)
     n0: 0 in 1 place, below massif's threshold (1.00%)
   n0: 61440 in 21 places, all below massif's threshold (1.00%)
  n0: 8088 in 14 places, all below massif's threshold (1.00%)
 n3: 997216 0x4009FE9: pval_add (pval_utils.c:71)
  n5: 834128 0x4009F99: pval_copy (pval_utils.c:56)
   n3: 351136 0x4009F87: pval_copy (pval_utils.c:56)
    n2: 129920 0x40015AE: copy_env (env.c:68)
     n2: 129920 0x4005D47: eval_tree (eval.c:1617)
      n1: 129920 0x40074C5: eval_tree (eval.c:2073)
       n2: 129920 0x4006ABD: eval_tree (eval.c:1893)
        n1: 129920 0x4005830: eval_tree (eval.c:1523)
         n2: 129920 0x40079EE: eval_tree (eval.c:2209)
          n1: 124544 0x4006872: eval_tree (eval.c:1844)
           n1: 124544 0x40079EE: eval_tree (eval.c:2209)
            n1: 124544 0x4006ABD: eval_tree (eval.c:1893)
             n1: 124544 0x4005830: eval_tree (eval.c:1523)
              n2: 124544 0x40079EE: eval_tree (eval.c:2209)
               n1: 119232 0x4006872: eval_tree (eval.c:1844)
                n1: 119232 0x40079EE: eval_tree (eval.c:2209)
                 n1: 119232 0x4006ABD: eval_tree (eval.c:1893)
                  n1: 119232 0x4005830: eval_tree (eval.c:1523)
                   n2: 119232 0x40079EE: eval_tree (eval.c:2209)
                    n1: 113984 0x4006872: eval_tree (eval.c:1844)
                     n1: 113984 0x40079EE: eval_tree (eval.c:2209)
                      n1: 113984 0x4006ABD: eval_tree (eval.c:1893)
                       n1: 113984 0x4005830: eval_tree (eval.c:1523)
                        n2: 113984 0x40079EE: eval_tree (eval.c:2209)
                         n1: 108800 0x4006872: eval_tree (eval.c:1844)
                          n1: 108800 0x40079EE: eval_tree (eval.c:2209)
                           n1: 108800 0x4006ABD: eval_tree (eval.c:1893)
                            n1: 108800 0x4005830: eval_tree (eval.c:1523)
                             n2: 108800 0x40079EE: eval_tree (eval.c:2209)
                              n0: 103680 0x4006872: eval_tree (eval.c:1844)
                              n0: 5120 in 1 place, below massif's threshold (1.00%)
                         n0: 5184 in 2 places, all below massif's threshold (1.00%)
                    n0: 5248 in 2 places, all below massif's threshold (1.00%)
               n0: 5312 in 2 places, all below massif's threshold (1.00%)
          n0: 5376 in 2 places, all below massif's threshold (1.00%)
        n0: 0 in 1 place, below massif's threshold (1.00%)
      n0: 0 in 1 place, below massif's threshold (1.00%)
     n0: 0 in 1 place, below massif's threshold (1.00%)
    n2: 129920 0x4007926: eval_tree (eval.c:2196)
     n1: 124544 0x4006872: eval_tree (eval.c:1844)
      n1: 124544 0x40079EE: eval_tree (eval.c:2209)
       n1: 124544 0x4006ABD: eval_tree (eval.c:1893)
        n1: 124544 0x4005830: eval_tree (eval.c:1523)
         n2: 124544 0x40079EE: eval_tree (eval.c:2209)
          n1: 119232 0x4006872: eval_tree (eval.c:1844)
           n1: 119232 0x40079EE: eval_tree (eval.c:2209)
            n1: 119232 0x4006ABD: eval_tree (eval.c:1893)
             n1: 119232 0x4005830: eval_tree (eval.c:1523)
              n2: 119232 0x40079EE: eval_tree (eval.c:2209)
               n1: 113984 0x4006872: eval_tree (eval.c:1844)
                n1: 113984 0x40079EE: eval_tree (eval.c:2209)
                 n1: 113984 0x4006ABD: eval_tree (eval.c:1893)
                  n1: 113984 0x4005830: eval_tree (eval.c:1523)
                   n2: 113984 0x40079EE: eval_tree (eval.c:2209)
                    n1: 108800 0x4006872: eval_tree (eval.c:1844)
                     n1: 108800 0x40079EE: eval_tree (eval.c:2209)
                      n1: 108800 0x4006ABD: eval_tree (eval.c:1893)
                       n1: 108800 0x4005830: eval_tree (eval.c:1523)
                        n2: 108800 0x40079EE: eval_tree (eval.c:2209)
                         n1: 103680 0x4006872: eval_tree (eval.c:1844)
                          n1: 103680 0x40079EE: eval_tree (eval.c:2209)
                           n1: 103680 0x4006ABD: eval_tree (eval.c:1893)
                            n1: 103680 0x4005830: eval_tree (eval.c:1523)
                             n2: 103680 0x40079EE: eval_tree (eval.c:2209)
                              n0: 98624 0x4006872: eval_tree (eval.c:1844)
                              n0: 5056 in 1 place, below massif's threshold (1.00%)
                         n0: 5120 in 1 place, below massif's threshold (1.00%)
                    n0: 5184 in 2 places, all below massif's threshold (1.00%)
               n0: 5248 in 2 places, all below massif's threshold (1.00%)
          n0: 5312 in 2 places, all below massif's threshold (1.00%)
     n0: 5376 in 7 places, all below massif's threshold (1.00%)
    n0: 91296 in 17 places, all below massif's threshold (1.00%)
   n2: 160608 0x40015AE: copy_env (env.c:68)
    n2: 88704 0x40015F8: copy_env (env.c:74)
     n1: 76608 0x40015F8: copy_env (env.c:74)
      n0: 76608 in 3 places, all below massif's threshold (1.00%)
     n0: 12096 in 1 place, below massif's threshold (1.00%)
    n0: 71904 in 2 places, all below massif's threshold (1.00%)
   n2: 158576 0x4007926: eval_tree (eval.c:2196)
    n2: 82960 0x4007519: eval_tree (eval.c:2083)
     n2: 82960 0x4005830: eval_tree (eval.c:1523)
      n2: 82960 0x40079EE: eval_tree (eval.c:2209)
       n2: 81120 0x4007519: eval_tree (eval.c:2083)
        n2: 81120 0x4005830: eval_tree (eval.c:1523)
         n2: 81120 0x40079EE: eval_tree (eval.c:2209)
          n2: 79296 0x4007519: eval_tree (eval.c:2083)
           n2: 79296 0x4005830: eval_tree (eval.c:1523)
            n2: 79296 0x40079EE: eval_tree (eval.c:2209)
             n2: 77488 0x4007519: eval_tree (eval.c:2083)
              n2: 77488 0x4005830: eval_tree (eval.c:1523)
               n2: 77488 0x40079EE: eval_tree (eval.c:2209)
                n2: 75696 0x4007519: eval_tree (eval.c:2083)
                 n2: 75696 0x4005830: eval_tree (eval.c:1523)
                  n2: 75696 0x40079EE: eval_tree (eval.c:2209)
                   n2: 73920 0x4007519: eval_tree (eval.c:2083)
                    n1: 73920 0x4005830: eval_tree (eval.c:1523)
                     n1: 73920 0x40079EE: eval_tree (eval.c:2209)
                      n0: 73920 in 2 places, all below massif's threshold (1.00%)
                    n0: 0 in 1 place, below massif's threshold (1.00%)
                   n0: 1776 in 1 place, below massif's threshold (1.00%)
                  n0: 0 in 1 place, below massif's threshold (1.00%)
                 n0: 0 in 1 place, below massif's threshold (1.00%)
                n0: 1792 in 1 place, below massif's threshold (1.00%)
               n0: 0 in 1 place, below massif's threshold (1.00%)
              n0: 0 in 2 places, all below massif's threshold (1.00%)
             n0: 1808 in 1 place, below massif's threshold (1.00%)
            n0: 0 in 1 place, below massif's threshold (1.00%)
           n0: 0 in 2 places, all below massif's threshold (1.00%)
          n0: 1824 in 2 places, all below massif's threshold (1.00%)
         n0: 0 in 1 place, below massif's threshold (1.00%)
        n0: 0 in 2 places, all below massif's threshold (1.00%)
       n0: 1840 in 2 places, all below massif's threshold (1.00%)
      n0: 0 in 1 place, below massif's threshold (1.00%)
     n0: 0 in 3 places, all below massif's threshold (1.00%)
    n0: 75616 in 9 places, all below massif's threshold (1.00%)
   n1: 124544 0x40031B7: tail (eval.c:744)
    n2: 124544 0x400758D: eval_tree (eval.c:2094)
     n2: 124544 0x400763A: eval_tree (eval.c:2121)
      n1: 124544 0x4006872: eval_tree (eval.c:1844)
       n1: 124544 0x40079EE: eval_tree (eval.c:2209)
        n1: 124544 0x4006ABD: eval_tree (eval.c:1893)
         n1: 124544 0x4005830: eval_tree (eval.c:1523)
          n2: 124544 0x40079EE: eval_tree (eval.c:2209)
           n1: 119232 0x4006872: eval_tree (eval.c:1844)
            n1: 119232 0x40079EE: eval_tree (eval.c:2209)
             n1: 119232 0x4006ABD: eval_tree (eval.c:1893)
              n1: 119232 0x4005830: eval_tree (eval.c:1523)
               n2: 119232 0x40079EE: eval_tree (eval.c:2209)
                n1: 113984 0x4006872: eval_tree (eval.c:1844)
                 n1: 113984 0x40079EE: eval_tree (eval.c:2209)
                  n1: 113984 0x4006ABD: eval_tree (eval.c:1893)
                   n1: 113984 0x4005830: eval_tree (eval.c:1523)
                    n2: 113984 0x40079EE: eval_tree (eval.c:2209)
                     n1: 108800 0x4006872: eval_tree (eval.c:1844)
                      n1: 108800 0x40079EE: eval_tree (eval.c:2209)
                       n1: 108800 0x4006ABD: eval_tree (eval.c:1893)
                        n1: 108800 0x4005830: eval_tree (eval.c:1523)
                         n2: 108800 0x40079EE: eval_tree (eval.c:2209)
                          n1: 103680 0x4006872: eval_tree (eval.c:1844)
                           n1: 103680 0x40079EE: eval_tree (eval.c:2209)
                            n1: 103680 0x4006ABD: eval_tree (eval.c:1893)
                             n1: 103680 0x4005830: eval_tree (eval.c:1523)
                              n0: 103680 0x40079EE: eval_tree (eval.c:2209)
                          n0: 5120 in 1 place, below massif's threshold (1.00%)
                     n0: 5184 in 2 places, all below massif's threshold (1.00%)
                n0: 5248 in 2 places, all below massif's threshold (1.00%)
           n0: 5312 in 2 places, all below massif's threshold (1.00%)
      n0: 0 in 2 places, all below massif's threshold (1.00%)
     n0: 0 in 1 place, below massif's threshold (1.00%)
   n0: 39264 in 21 places, all below massif's threshold (1.00%)
  n1: 110192 0x40031C9: tail (eval.c:744)
   n2: 110192 0x400758D: eval_tree (eval.c:2094)
    n2: 110192 0x400763A: eval_tree (eval.c:2121)
     n2: 79056 0x4007519: eval_tree (eval.c:2083)
      n1: 79056 0x4005830: eval_tree (eval.c:1523)
       n2: 79056 0x40079EE: eval_tree (eval.c:2209)
        n2: 77280 0x4007519: eval_tree (eval.c:2083)
         n2: 77280 0x4005830: eval_tree (eval.c:1523)
          n2: 77280 0x40079EE: eval_tree (eval.c:2209)
           n2: 75520 0x4007519: eval_tree (eval.c:2083)
            n2: 75520 0x4005830: eval_tree (eval.c:1523)
             n2: 75520 0x40079EE: eval_tree (eval.c:2209)
              n2: 73776 0x4007519: eval_tree (eval.c:2083)
               n2: 73776 0x4005830: eval_tree (eval.c:1523)
                n1: 73776 0x40079EE: eval_tree (eval.c:2209)
                 n0: 73776 in 2 places, all below massif's threshold (1.00%)
                n0: 0 in 1 place, below massif's threshold (1.00%)
               n0: 0 in 2 places, all below massif's threshold (1.00%)
              n0: 1744 in 1 place, below massif's threshold (1.00%)
             n0: 0 in 1 place, below massif's threshold (1.00%)
            n0: 0 in 2 places, all below massif's threshold (1.00%)
           n0: 1760 in 2 places, all below massif's threshold (1.00%)
          n0: 0 in 1 place, below massif's threshold (1.00%)
         n0: 0 in 2 places, all below massif's threshold (1.00%)
        n0: 1776 in 2 places, all below massif's threshold (1.00%)
      n0: 0 in 1 place, below massif's threshold (1.00%)
     n0: 31136 in 3 places, all below massif's threshold (1.00%)
    n0: 0 in 1 place, below massif's threshold (1.00%)
  n0: 52896 in 65 places, all below massif's threshold (1.00%)
 n1: 352342 0x400874C: lex (lexer.c:321)
  n2: 352342 0x4004CF1: parse_help (eval.c:1281)
   n2: 352342 0x4006EA4: eval_tree (eval.c:1965)
    n1: 327760 0x4006232: eval_tree (eval.c:1700)
     n1: 327760 0x400587E: eval_tree (eval.c:1529)
      n1: 327760 0x400634E: eval_tree (eval.c:1726)
       n1: 327760 0x4006232: eval_tree (eval.c:1700)
        n1: 327760 0x4006872: eval_tree (eval.c:1844)
         n1: 327760 0x40079EE: eval_tree (eval.c:2209)
          n1: 327760 0x4006ABD: eval_tree (eval.c:1893)
           n1: 327760 0x40079EE: eval_tree (eval.c:2209)
            n1: 327760 0x4006EF7: eval_tree (eval.c:1974)
             n0: 327760 0x4009BCD: main (psi.c:69)
    n0: 24582 in 2 places, all below massif's threshold (1.00%)
   n0: 0 in 1 place, below massif's threshold (1.00%)
 n1: 331857 0x400826D: lex (lexer.c:219)
  n2: 331857 0x4004CF1: parse_help (eval.c:1281)
   n2: 331857 0x4006EA4: eval_tree (eval.c:1965)
    n1: 307275 0x4006232: eval_tree (eval.c:1700)
     n1: 307275 0x400587E: eval_tree (eval.c:1529)
      n1: 307275 0x400634E: eval_tree (eval.c:1726)
       n1: 307275 0x4006232: eval_tree (eval.c:1700)
        n1: 307275 0x4006872: eval_tree (eval.c:1844)
         n1: 307275 0x40079EE: eval_tree (eval.c:2209)
          n1: 307275 0x4006ABD: eval_tree (eval.c:1893)
           n1: 307275 0x40079EE: eval_tree (eval.c:2209)
            n1: 307275 0x4006EF7: eval_tree (eval.c:1974)
             n0: 307275 0x4009BCD: main (psi.c:69)
    n0: 24582 in 2 places, all below massif's threshold (1.00%)
   n0: 0 in 1 place, below massif's threshold (1.00%)
 n2: 300696 0x4001652: create_binding (env.c:91)
  n3: 290808 0x40015C3: copy_env (env.c:68)
   n2: 187776 0x40015F8: copy_env (env.c:74)
    n2: 152880 0x40015F8: copy_env (env.c:74)
     n2: 110904 0x4006148: eval_tree (eval.c:1685)
      n2: 110880 0x4005664: eval_tree (eval.c:1490)
       n2: 110880 0x4006EF7: eval_tree (eval.c:1974)
        n1: 83160 0x4006EF7: eval_tree (eval.c:1974)
         n1: 83160 0x4006232: eval_tree (eval.c:1700)
          n1: 83160 0x400587E: eval_tree (eval.c:1529)
           n1: 83160 0x400634E: eval_tree (eval.c:1726)
            n1: 83160 0x4006232: eval_tree (eval.c:1700)
             n1: 83160 0x4006872: eval_tree (eval.c:1844)
              n1: 83160 0x40079EE: eval_tree (eval.c:2209)
               n1: 83160 0x4006ABD: eval_tree (eval.c:1893)
                n1: 83160 0x40079EE: eval_tree (eval.c:2209)
                 n1: 83160 0x4006EF7: eval_tree (eval.c:1974)
                  n0: 83160 0x4009BCD: main (psi.c:69)
        n0: 27720 in 1 place, below massif's threshold (1.00%)
       n0: 0 in 1 place, below massif's threshold (1.00%)
      n0: 24 in 2 places, all below massif's threshold (1.00%)
     n0: 41976 in 2 places, all below massif's threshold (1.00%)
    n0: 34896 in 2 places, all below massif's threshold (1.00%)
   n2: 99912 0x4006148: eval_tree (eval.c:1685)
    n2: 99888 0x4005664: eval_tree (eval.c:1490)
     n1: 99888 0x4006EF7: eval_tree (eval.c:1974)
      n0: 99888 in 3 places, all below massif's threshold (1.00%)
     n0: 0 in 1 place, below massif's threshold (1.00%)
    n0: 24 in 2 places, all below massif's threshold (1.00%)
   n0: 3120 in 1 place, below massif's threshold (1.00%)
  n0: 9888 in 37 places, all below massif's threshold (1.00%)
 n2: 236904 0x400ABB5: empty_list (pvals.c:141)
  n2: 225048 0x4009F62: pval_copy (pval_utils.c:51)
   n1: 151200 0x4009F87: pval_copy (pval_utils.c:56)
    n0: 151200 in 19 places, all below massif's threshold (1.00%)
   n0: 73848 in 26 places, all below massif's threshold (1.00%)
  n0: 11856 in 31 places, all below massif's threshold (1.00%)
 n2: 157936 0x400ABD9: empty_list (pvals.c:146)
  n2: 150032 0x4009F62: pval_copy (pval_utils.c:51)
   n1: 100800 0x4009F87: pval_copy (pval_utils.c:56)
    n0: 100800 in 19 places, all below massif's threshold (1.00%)
   n0: 49232 in 26 places, all below massif's threshold (1.00%)
  n0: 7904 in 31 places, all below massif's threshold (1.00%)
 n0: 138248 in 22 places, all below massif's threshold (1.00%)
 n2: 114384 0x400AA77: pval_symbol (pvals.c:95)
  n2: 111912 0x4009E80: pval_copy (pval_utils.c:24)
   n2: 106584 0x4009F87: pval_copy (pval_utils.c:56)
    n1: 86376 0x4009F87: pval_copy (pval_utils.c:56)
     n0: 86376 in 10 places, all below massif's threshold (1.00%)
    n0: 20208 in 16 places, all below massif's threshold (1.00%)
   n0: 5328 in 17 places, all below massif's threshold (1.00%)
  n0: 2472 in 42 places, all below massif's threshold (1.00%)
 n1: 85385 0x4927BEE: strdup (strdup.c:42)
  n0: 85385 in 3 places, all below massif's threshold (1.00%)
#-----------
snapshot=79
#-----------
time=17497352056
mem_heap_B=5659039
mem_heap_extra_B=2536553
mem_stacks_B=0
heap_tree=empty
#-----------
snapshot=80
#-----------
time=17658986848
mem_heap_B=8197660
mem_heap_extra_B=4088196
mem_stacks_B=0
heap_tree=empty
#-----------
snapshot=81
#-----------
time=17820621624
mem_heap_B=7610918
mem_heap_extra_B=3735986
mem_stacks_B=0
heap_tree=empty
#-----------
snapshot=82
#-----------
time=17982256400
mem_heap_B=9376988
mem_heap_extra_B=4811444
mem_stacks_B=0
heap_tree=empty
#-----------
snapshot=83
#-----------
time=18143891192
mem_heap_B=9758337
mem_heap_extra_B=5046967
mem_stacks_B=0
heap_tree=empty
#-----------
snapshot=84
#-----------
time=18305525984
mem_heap_B=8289722
mem_heap_extra_B=4165798
mem_stacks_B=0
heap_tree=empty
#-----------
snapshot=85
#-----------
time=18467160768
mem_heap_B=8470468
mem_heap_extra_B=4280268
mem_stacks_B=0
heap_tree=empty
